Site,Transect,Quad,Height,Epibiont,Basibiont,Notes
Pacific Grove 1,1,1,High,Digitalis,Digitalis,
Pacific Grove 1,1,1,High,Balanus,Pink Volcano Barnacle,
Pacific Grove 1,1,2,High,Balanus,File Limpet,
Pacific Grove 1,1,2,High,Balanus,California Mussel,
Pacific Grove 1,1,2,High,Scabra,California Mussel,
Pacific Grove 1,1,3,High,Hooked Slippersnail,Black Tegula,
Pacific Grove 1,1,3,High,Crustose Coralline Algae,Owl Limpet,
Pacific Grove 1,1,3,High,Red Algae,Scabra,Species of algae not marked
Pacific Grove 1,1,3,High,Crustose Coralline Algae,California Spiny Chiton,
Pacific Grove 1,1,3,High,Crustose Coralline Algae,Pink Volcano Barnacle,
Pacific Grove 1,1,3,High,Filamentous Coralline Algae,Pink Volcano Barnacle,
Pacific Grove 1,1,3,High,Scabra,Pink Volcano Barnacle,
Pacific Grove 1,1,3,High,Pink Volcano Barnacle,Pink Volcano Barnacle,
Pacific Grove 1,1,3,High,Digitalis,Scabra,
Pacific Grove 1,1,3,High,Balanus,Pink Volcano Barnacle,
Pacific Grove 1,1,4,High,Crustose Coralline Algae,Pink Volcano Barnacle,
Pacific Grove 1,1,4,High,Pink Volcano Barnacle,Pink Volcano Barnacle,
Pacific Grove 1,1,4,High,Tar Spot,Pink Volcano Barnacle,
Pacific Grove 1,1,4,High,Balanus,Pink Volcano Barnacle,
Pacific Grove 1,1,4,High,Red Algae,Pink Volcano Barnacle,Species of algae not marked
Pacific Grove 1,1,4,High,Red Algae,File Limpet,Species of algae not marked
Pacific Grove 1,1,5,High,Crustose Coralline Algae,Pink Volcano Barnacle,
Pacific Grove 1,1,6,High,Scabra,Pink Volcano Barnacle,
Pacific Grove 1,1,6,High,Balanus,Pink Volcano Barnacle,
Pacific Grove 1,1,6,High,Crustose Coralline Algae,Pink Volcano Barnacle,
Pacific Grove 1,1,6,High,Filamentous Coralline Algae,Pink Volcano Barnacle,
Pacific Grove 1,1,6,High,Tar Spot,Pink Volcano Barnacle,
Pacific Grove 1,1,6,High,Crustose Coralline Algae,California Spiny Chiton,
Pacific Grove 1,1,8,High,Balanus,Black Tegula,
Pacific Grove 1,1,8,High,Digitalis,Black Tegula,
Pacific Grove 1,1,9,High,Crustose Coralline Algae,Pink Volcano Barnacle,
Pacific Grove 1,1,9,High,Crustose Coralline Algae,California Spiny Chiton,
Pacific Grove 1,1,10,High,Crustose Coralline Algae,California Spiny Chiton,
Pacific Grove 1,1,10,High,Digitalis,File Limpet,
Pacific Grove 1,1,10,High,Balanus,File Limpet,
Pacific Grove 1,1,10,High,Crustose Coralline Algae,Pink Volcano Barnacle,
Pacific Grove 1,1,10,High,Filamentous Coralline Algae,Pink Volcano Barnacle,
Pacific Grove 1,2,1,Low,Balanus,Black Tegula,
Pacific Grove 1,2,1,Low,Red Algae,Black Tegula,
Pacific Grove 1,2,1,Low,Digitalis,Black Tegula,
Pacific Grove 1,2,1,Low,Crustose Coralline Algae,Black Tegula,
Pacific Grove 1,2,2,Low,Red Algae,Black Tegula,Species of algae not marked
Pacific Grove 1,2,2,Low,Hooked Slippersnail,Black Tegula,
Pacific Grove 1,2,2,Low,Hooked Slippersnail,Hooked Slippersnail,
Pacific Grove 1,2,3,Low,Crustose Coralline Algae,Black Tegula,
Pacific Grove 1,2,3,Low,Balanus,Black Tegula,
Pacific Grove 1,2,3,Low,Hooked Slippersnail,Black Tegula,
Pacific Grove 1,2,3,Low,Red Algae,Black Tegula,Species of algae not marked
Pacific Grove 1,2,3,Low,Serpulidae,Neostylidium,
Pacific Grove 1,2,3,Low,Hooked Slippersnail,Hooked Slippersnail,
Pacific Grove 1,2,4,Low,Tar Spot,Black Tegula,
Pacific Grove 1,2,4,Low,Hooked Slippersnail,Black Tegula,
Pacific Grove 1,2,4,Low,Digitalis,Black Tegula,
Pacific Grove 1,2,4,Low,Crustose Coralline Algae,Nucella,
Pacific Grove 1,2,4,Low,Hooked Slippersnail,Hooked Slippersnail,
Pacific Grove 1,2,5,Low,Hooked Slippersnail,Black Tegula,
Pacific Grove 1,2,5,Low,Digitalis,Black Tegula,
Pacific Grove 1,2,5,Low,Balanus,Black Tegula,
Pacific Grove 1,2,5,Low,Scouring Pad Algae,Black Tegula,
Pacific Grove 1,2,5,Low,Hooked Slippersnail,Hooked Slippersnail,
Pacific Grove 1,2,5,Low,Black Limpet,Hooked Slippersnail,
Pacific Grove 1,2,6,Low,Crustose Coralline Algae,Black Tegula,
Pacific Grove 1,2,6,Low,Balanus,Black Tegula,
Pacific Grove 1,2,6,Low,Red Algae,Black Tegula,Species of algae not marked
Pacific Grove 1,2,6,Low,Translucent Slipper Snail,Black Tegula,Unsure on epibiont ID
Pacific Grove 1,2,7,Low,Red Algae,Black Tegula,Species of algae not marked
Pacific Grove 1,2,7,Low,Hooked Slippersnail,Hooked Slippersnail,
Pacific Grove 1,2,8,Low,Red Algae,Black Tegula,Species of algae not marked
Pacific Grove 1,2,8,Low,Digitalis,Black Tegula,
Pacific Grove 1,2,8,Low,Hooked Slippersnail,Black Tegula,
Pacific Grove 1,2,9,Low,Balanus,Black Tegula,
Pacific Grove 1,2,9,Low,Digitalis,Black Tegula,
Pacific Grove 1,2,9,Low,Hooked Slippersnail,Black Tegula,
Pacific Grove 1,2,10,Low,Balanus,Black Tegula,
Pacific Grove 1,2,10,Low,Digitalis,Black Tegula,
Point Pinos 1,1,1,High,Hooked Slippersnail,Black Tegula,
Point Pinos 1,1,4,High,Digitalis,Black Tegula,
Point Pinos 1,1,7,High,Balanus,Black Tegula,
Point Pinos 1,1,8,High,Balanus,Black Tegula,
Point Pinos 1,2,1,Medium,Scabra,Black Tegula,
Point Pinos 1,2,1,Medium,Black Limpet,Black Tegula,
Point Pinos 1,2,1,Medium,Digitalis,Black Tegula,
Point Pinos 1,2,1,Medium,Plate Limpet,Black Limpet,
Point Pinos 1,2,2,Medium,Hooked Slippersnail,Black Tegula,
Point Pinos 1,2,2,Medium,Hooked Slippersnail,Hooked Slippersnail,
Point Pinos 1,2,5,Medium,Hooked Slippersnail,Black Tegula,
Point Pinos 1,2,5,Medium,Balanus,Black Tegula,
Point Pinos 1,2,5,Medium,Serpulidae,Black Tegula,
Point Pinos 1,2,5,Medium,Translucent Slipper Snail,Black Tegula,
Point Pinos 1,2,5,Medium,Serpulidae,Tegula sp.,Unsure on basibiont ID
Point Pinos 1,2,6,Medium,Hooked Slippersnail,Black Tegula,
Point Pinos 1,2,8,Medium,Black Limpet,Black Tegula,
Point Pinos 1,2,8,Medium,Digitalis,Black Tegula,
Point Pinos 1,2,8,Medium,Balanus,Black Tegula,
Point Pinos 1,3,1,Low,Hooked Slippersnail,Black Tegula,
Point Pinos 1,3,1,Low,Balanus,Black Tegula,
Point Pinos 1,3,1,Low,Digitalis,Black Tegula,
Point Pinos 1,3,1,Low,Tar Spot,Black Tegula,
Point Pinos 1,3,1,Low,Scouring Pad Algae,Black Tegula,
Point Pinos 1,3,2,Low,Hooked Slippersnail,Black Tegula,
Point Pinos 1,3,2,Low,Pink Volcano Barnacle,Black Tegula,
Point Pinos 1,3,2,Low,Balanus,Black Tegula,
Point Pinos 1,3,2,Low,Scouring Pad Algae,Black Tegula,
Point Pinos 1,3,2,Low,Digitalis,Black Tegula,
Point Pinos 1,3,3,Low,Serpulidae,Black Tegula,
Point Pinos 1,3,3,Low,File Limpet,Black Tegula,
Point Pinos 1,3,3,Low,Digitalis,Black Tegula,
Point Pinos 1,3,3,Low,Hooked Slippersnail,Black Tegula,
Point Pinos 1,3,3,Low,Scouring Pad Algae,Black Tegula,
Point Pinos 1,3,3,Low,Balanus,Black Tegula,
Point Pinos 1,3,3,Low,Crustose Coralline Algae,Black Tegula,
Point Pinos 1,3,3,Low,Hooked Slippersnail,Littorina,
Point Pinos 1,3,4,Low,Serpulidae,Black Tegula,
Point Pinos 1,3,4,Low,Tar Spot,Black Tegula,
Point Pinos 1,3,4,Low,File Limpet,Black Tegula,
Point Pinos 1,3,4,Low,Black Limpet,Black Tegula,
Point Pinos 1,3,4,Low,Balanus,Black Tegula,
Point Pinos 1,3,5,Low,Hooked Slippersnail,Black Tegula,
Point Pinos 1,3,5,Low,Digitalis,Black Tegula,
Point Pinos 1,3,5,Low,Serpulidae,Black Tegula,
Point Pinos 1,3,6,Low,Hooked Slippersnail,Black Tegula,
Point Pinos 1,3,7,Low,Black Limpet,Black Tegula,
Point Pinos 1,3,7,Low,Digitalis,Black Tegula,
Point Pinos 1,3,8,Low,File Limpet,Black Tegula,
Point Pinos 1,3,8,Low,Black Limpet,Black Tegula,
Point Pinos 1,3,8,Low,Black Limpet,Black Tegula,
Point Pinos 1,3,8,Low,Hooked Slippersnail,Black Tegula,
Point Pinos 1,3,9,Low,Digitalis,Black Tegula,
Point Pinos 1,3,9,Low,Black Limpet,Black Tegula,
Point Pinos 1,3,10,Low,Digitalis,Black Tegula,
Great Tidepool 1,1,1,High,Green Algae,Shield Limpet,Species of algae not marked
Great Tidepool 1,1,1,High,Black Limpet,California Mussel,
Great Tidepool 1,1,1,High,Green Algae,Gooseneck Barnacle,Species of algae not marked
Great Tidepool 1,1,1,High,Balanus,Black Tegula,
Great Tidepool 1,1,2,High,Green Algae,Scabra,Species of algae not marked
Great Tidepool 1,1,2,High,Digitalis,Black Tegula,
Great Tidepool 1,1,2,High,Balanus,Black Tegula,
Great Tidepool 1,1,3,High,Pink Volcano Barnacle,Pink Volcano Barnacle,
Great Tidepool 1,1,3,High,Crustose Coralline Algae,Pink Volcano Barnacle,
Great Tidepool 1,1,3,High,Balanus,Pink Volcano Barnacle,
Great Tidepool 1,1,3,High,Digitalis,Pink Volcano Barnacle,
Great Tidepool 1,1,3,High,Balanus,Gooseneck Barnacle,
Great Tidepool 1,1,3,High,Digitalis,Gooseneck Barnacle,
Great Tidepool 1,1,3,High,File Limpet,Gooseneck Barnacle,
Great Tidepool 1,1,3,High,Balanus,Black Tegula,Species of algae not marked
Great Tidepool 1,1,3,High,Green Algae,Scabra,
Great Tidepool 1,1,4,High,Green Algae,Scabra,Species of algae not marked
Great Tidepool 1,1,4,High,Crustose Coralline Algae,Pink Volcano Barnacle,
Great Tidepool 1,1,4,High,Digitalis,Pink Volcano Barnacle,
Great Tidepool 1,1,4,High,Balanus,Pink Volcano Barnacle,
Great Tidepool 1,1,4,High,Balanus,Black Tegula,
Great Tidepool 1,1,4,High,Crustose Coralline Algae,California Spiny Chiton,
Great Tidepool 1,1,5,High,Digitalis,Pink Volcano Barnacle,
Great Tidepool 1,1,5,High,Crustose Coralline Algae,Pink Volcano Barnacle,
Great Tidepool 1,1,5,High,Balanus,Pink Volcano Barnacle,
Great Tidepool 1,1,5,High,Balanus,Black Tegula,
Great Tidepool 1,1,5,High,Green Algae,Digitalis,Species of algae not marked
Great Tidepool 1,1,6,High,Green Algae,Scabra,Species of algae not marked
Great Tidepool 1,1,6,High,Filamentous Coralline Algae,Digitalis,
Great Tidepool 1,1,6,High,Crustose Coralline Algae,Pink Volcano Barnacle,
Great Tidepool 1,1,7,High,Balanus,Black Tegula,
Great Tidepool 1,1,7,High,Digitalis,Black Tegula,
Great Tidepool 1,1,7,High,Balanus,Nucella,
Great Tidepool 1,1,8,High,Balanus,Balanus,
Great Tidepool 1,1,9,High,Mastocarpus,Gooseneck Barnacle,
Great Tidepool 1,1,9,High,Balanus,Gooseneck Barnacle,
Great Tidepool 1,1,9,High,Translucent Slipper Snail,Digitalis,Unsure on epibiont ID
Great Tidepool 1,1,10,High,Crustose Coralline Algae,Pink Volcano Barnacle,
Great Tidepool 1,1,10,High,Digitalis,Pink Volcano Barnacle,
Great Tidepool 1,1,10,High,Balanus,California Mussel,
Great Tidepool 1,2,1,Medium,Digitalis,Shield Limpet,
Great Tidepool 1,2,2,Medium,Digitalis,Pink Volcano Barnacle,
Great Tidepool 1,2,2,Medium,Mastocarpus,Pink Volcano Barnacle,
Great Tidepool 1,2,2,Medium,Balanus,Pink Volcano Barnacle,
Great Tidepool 1,2,2,Medium,Digitalis,Shield Limpet,
Great Tidepool 1,2,2,Medium,Black Limpet,Shield Limpet,
Great Tidepool 1,2,2,Medium,Crustose Coralline Algae,Shield Limpet,
Great Tidepool 1,2,2,Medium,Scouring Pad Algae,California Mussel,
Great Tidepool 1,2,2,Medium,Scouring Pad Algae,Black Tegula,
Great Tidepool 1,2,2,Medium,Balanus,Black Tegula,
Great Tidepool 1,2,3,Medium,Filamentous Coralline Algae,California Mussel,
Great Tidepool 1,2,3,Medium,Black Limpet,Shield Limpet,
Great Tidepool 1,2,3,Medium,Tar Spot,Pink Volcano Barnacle,
Great Tidepool 1,2,3,Medium,Mastocarpus,Pink Volcano Barnacle,
Great Tidepool 1,2,3,Medium,Tar Spot,Black Tegula,
Great Tidepool 1,2,3,Medium,Serpulidae,Black Tegula,
Great Tidepool 1,2,3,Medium,Black Limpet,Black Tegula,
Great Tidepool 1,2,4,Medium,Balanus,Black Tegula,
Great Tidepool 1,2,4,Medium,Mastocarpus,Black Tegula,
Great Tidepool 1,2,4,Medium,Black Limpet,Black Tegula,
Great Tidepool 1,2,4,Medium,Serpulidae,Black Tegula,
Great Tidepool 1,2,4,Medium,Digitalis,Black Tegula,
Great Tidepool 1,2,4,Medium,Hooked Slippersnail,Black Tegula,
Great Tidepool 1,2,4,Medium,Mastocarpus,Volcano Keyhole Limpet,
Great Tidepool 1,2,5,Medium,Balanus,Black Tegula,
Great Tidepool 1,2,5,Medium,Digitalis,Black Tegula,
Great Tidepool 1,2,5,Medium,Tar Spot,Pink Volcano Barnacle,
Great Tidepool 1,2,5,Medium,Crustose Coralline Algae,Pink Volcano Barnacle,
Great Tidepool 1,2,6,Medium,Balanus,Black Tegula,
Great Tidepool 1,2,6,Medium,Mastocarpus,Black Tegula,
Great Tidepool 1,2,7,Medium,Prionitis,Shield Limpet,
Great Tidepool 1,2,7,Medium,Balanus,Black Tegula,
Great Tidepool 1,2,7,Medium,Black Limpet,Black Tegula,
Great Tidepool 1,2,8,Medium,Black Limpet,Pink Volcano Barnacle,
Great Tidepool 1,2,8,Medium,Digitalis,Pink Volcano Barnacle,
Great Tidepool 1,2,8,Medium,Tar Spot,Pink Volcano Barnacle,
Great Tidepool 1,2,8,Medium,Balanus,Black Tegula,
Great Tidepool 1,2,8,Medium,Digitalis,Black Tegula,
Great Tidepool 1,2,8,Medium,Black Limpet,Black Tegula,
Great Tidepool 1,2,9,Medium,Balanus,Pink Volcano Barnacle,
Great Tidepool 1,2,9,Medium,Tar Spot,Pink Volcano Barnacle,
Great Tidepool 1,2,9,Medium,Chthamalus,Pink Volcano Barnacle,
Great Tidepool 1,2,9,Medium,Digitalis,Pink Volcano Barnacle,
Great Tidepool 1,2,9,Medium,Black Limpet,Pink Volcano Barnacle,
Great Tidepool 1,2,9,Medium,Balanus,California Mussel,
Great Tidepool 1,2,9,Medium,Chthamalus,California Mussel,
Great Tidepool 1,2,9,Medium,Black Limpet,California Mussel,
Great Tidepool 1,2,9,Medium,Digitalis,California Mussel,
Great Tidepool 1,2,9,Medium,Scabra,California Mussel,
Great Tidepool 1,2,9,Medium,Balanus,Digitalis,
Great Tidepool 1,2,9,Medium,Balanus,Scabra,
Great Tidepool 1,2,9,Medium,Digitalis,Scabra,
Great Tidepool 1,2,10,Medium,Digitalis,Black Tegula,
Great Tidepool 1,3,1,Low,Crustose Coralline Algae,Plate Limpet,
Great Tidepool 1,3,1,Low,Crustose Coralline Algae,Volcano Keyhole Limpet,
Great Tidepool 1,3,1,Low,Crustose Coralline Algae,Whitecap Limpet,
Great Tidepool 1,3,1,Low,Filamentous Coralline Algae,Scaled Wormsnail,
Great Tidepool 1,3,1,Low,Pink Volcano Barnacle,Scaled Wormsnail,
Great Tidepool 1,3,1,Low,Mastocarpus,Scaled Wormsnail,
Great Tidepool 1,3,1,Low,Crustose Coralline Algae,Scaled Wormsnail,
Great Tidepool 1,3,1,Low,Tar Spot,Scaled Wormsnail,
Great Tidepool 1,3,1,Low,Scabra,Volcano Keyhole Limpet,
Great Tidepool 1,3,1,Low,Tar Spot,Pink Volcano Barnacle,
Great Tidepool 1,3,2,Low,Mastocarpus,Plate Limpet,
Great Tidepool 1,3,2,Low,Mastocarpus,Pink Volcano Barnacle,
Great Tidepool 1,3,2,Low,Tar Spot,Pink Volcano Barnacle,
Great Tidepool 1,3,2,Low,Crustose Coralline Algae,Pink Volcano Barnacle,
Great Tidepool 1,3,2,Low,Crustose Coralline Algae,Whitecap Limpet,
Great Tidepool 1,3,2,Low,Crustose Coralline Algae,Scaled Wormsnail,
Great Tidepool 1,3,2,Low,Filamentous Coralline Algae,Pink Volcano Barnacle,
Great Tidepool 1,3,3,Low,Crustose Coralline Algae,Black Tegula,
Great Tidepool 1,3,3,Low,Tar Spot,Pink Volcano Barnacle,
Great Tidepool 1,3,3,Low,Pink Volcano Barnacle,Pink Volcano Barnacle,
Great Tidepool 1,3,3,Low,Balanus,Black Tegula,
Great Tidepool 1,3,3,Low,Translucent Slipper Snail,Black Tegula,Unsure on epibiont ID
Great Tidepool 1,3,4,Low,Crustose Coralline Algae,Black Tegula,
Great Tidepool 1,3,4,Low,Red Algae,Black Tegula,Species of algae not marked
Great Tidepool 1,3,4,Low,Digitalis,Black Tegula,
Great Tidepool 1,3,4,Low,Hooked Slippersnail,Black Tegula,
Great Tidepool 1,3,4,Low,Tar Spot,Black Tegula,
Great Tidepool 1,3,4,Low,Balanus,Black Tegula,
Great Tidepool 1,3,4,Low,Crustose Coralline Algae,Hooked Slippersnail,
Great Tidepool 1,3,4,Low,Hooked Slippersnail,Hooked Slippersnail,
Great Tidepool 1,3,5,Low,Hooked Slippersnail,Black Tegula,
Great Tidepool 1,3,5,Low,Hooked Slippersnail,Hooked Slippersnail,
Great Tidepool 1,3,5,Low,Bryozoa,Balanus,
Great Tidepool 1,3,5,Low,Tar Spot,Scaled Wormsnail,
Great Tidepool 1,3,5,Low,Tar Spot,Black Tegula,
Great Tidepool 1,3,5,Low,Crustose Coralline Algae,Black Tegula,
Great Tidepool 1,3,5,Low,Crustose Coralline Algae,Plate Limpet,
Great Tidepool 1,3,5,Low,Red Algae,Black Tegula,Species of algae not marked
Great Tidepool 1,3,6,Low,Digitalis,Black Tegula,
Great Tidepool 1,3,6,Low,Balanus,Black Tegula,
Great Tidepool 1,3,6,Low,Crustose Coralline Algae,Black Tegula,
Great Tidepool 1,3,6,Low,Crustose Coralline Algae,Volcano Keyhole Limpet,
Great Tidepool 1,3,6,Low,Hooked Slippersnail,Black Tegula,
Great Tidepool 1,3,6,Low,Hooked Slippersnail,Hooked Slippersnail,
Great Tidepool 1,3,6,Low,Crustose Coralline Algae,Hooked Slippersnail,
Great Tidepool 1,3,7,Low,Red Algae,Black Tegula,Species of algae not marked
Great Tidepool 1,3,7,Low,Prionitis,Scaled Wormsnail,
Great Tidepool 1,3,7,Low,Scouring Pad Algae,Volcano Keyhole Limpet,
Great Tidepool 1,3,8,Low,Crustose Coralline Algae,Volcano Keyhole Limpet,
Great Tidepool 1,3,8,Low,Crustose Coralline Algae,Black Tegula,
Great Tidepool 1,3,8,Low,Crustose Coralline Algae,Pink Volcano Barnacle,
Great Tidepool 1,3,8,Low,Red Algae,Shield Limpet,Species of algae not marked
Great Tidepool 1,3,9,Low,Crustose Coralline Algae,Black Tegula,
Great Tidepool 1,3,9,Low,Red Algae,Black Tegula,Species of algae not marked
Great Tidepool 1,3,9,Low,Red Algae,Pink Volcano Barnacle,Species of algae not marked
Great Tidepool 1,3,9,Low,Balanus,Black Tegula,
Great Tidepool 1,3,9,Low,Digitalis,Black Tegula,
Great Tidepool 1,3,9,Low,Crustose Coralline Algae,Pink Volcano Barnacle,
Great Tidepool 1,3,10,Low,Crustose Coralline Algae,Balanus,
Great Tidepool 1,3,10,Low,Mastocarpus,Black Tegula,
Great Tidepool 1,3,10,Low,Balanus,Black Tegula,
Great Tidepool 1,3,10,Low,Crustose Coralline Algae,Black Tegula,
Great Tidepool 1,3,10,Low,Tar Spot,Black Tegula,
Great Tidepool 1,3,10,Low,Digitalis,Black Tegula,
Point Pinos 2,1,1,High,Balanus,California Mussel,
Point Pinos 2,1,2,High,Ulva,California Mussel,
Point Pinos 2,1,2,High,Digitalis,California Mussel,
Point Pinos 2,1,2,High,Balanus,California Mussel,
Point Pinos 2,1,2,High,Crustose Coralline Algae,California Mussel,
Point Pinos 2,1,2,High,Pink Volcano Barnacle,California Mussel,
Point Pinos 2,1,2,High,Black Limpet,California Mussel,
Point Pinos 2,1,2,High,Crustose Coralline Algae,Mopalia ciliata,
Point Pinos 2,1,3,High,Ulva,California Mussel,
Point Pinos 2,1,3,High,Scouring Pad Algae,California Mussel,
Point Pinos 2,1,3,High,Nori,California Mussel,
Point Pinos 2,1,3,High,Balanus,California Mussel,
Point Pinos 2,1,3,High,Digitalis,California Mussel,
Point Pinos 2,1,3,High,File Limpet,California Mussel,
Point Pinos 2,1,3,High,Pink Volcano Barnacle,California Mussel,
Point Pinos 2,1,3,High,Black Limpet,California Mussel,
Point Pinos 2,1,3,High,Balanus,Pink Volcano Barnacle,
Point Pinos 2,1,3,High,Digitalis,Pink Volcano Barnacle,
Point Pinos 2,1,3,High,Scouring Pad Algae,Gooseneck Barnacle,
Point Pinos 2,1,3,High,Ulva,Gooseneck Barnacle,
Point Pinos 2,1,3,High,Nori,Digitalis,
Point Pinos 2,1,3,High,Balanus,Digitalis,
Point Pinos 2,1,3,High,Hooked Slippersnail,Black Tegula,
Point Pinos 2,1,3,High,Balanus,Black Tegula,
Point Pinos 2,1,4,High,Scouring Pad Algae,California Mussel,
Point Pinos 2,1,4,High,Mastocarpus,California Mussel,
Point Pinos 2,1,4,High,Digitalis,California Mussel,
Point Pinos 2,1,4,High,Balanus,Black Tegula,
Point Pinos 2,1,5,High,Crustose Coralline Algae,California Mussel,
Point Pinos 2,1,5,High,Scabra,California Mussel,
Point Pinos 2,1,5,High,Digitalis,California Mussel,
Point Pinos 2,1,5,High,Balanus,California Mussel,
Point Pinos 2,1,5,High,Balanus,Pink Volcano Barnacle,
Point Pinos 2,1,5,High,Crustose Coralline Algae,Pink Volcano Barnacle,
Point Pinos 2,1,5,High,Tar Spot,Pink Volcano Barnacle,
Point Pinos 2,1,6,High,Balanus,California Mussel,
Point Pinos 2,1,6,High,Black Limpet,Black Tegula,
Point Pinos 2,1,6,High,Balanus,Scabra,
Point Pinos 2,1,7,High,Red Algae,Digitalis,Species of algae not marked
Point Pinos 2,1,8,High,Scabra,Black Tegula,
Point Pinos 2,1,8,High,Tar Spot,Pink Volcano Barnacle,
Point Pinos 2,1,8,High,Crustose Coralline Algae,Pink Volcano Barnacle,
Point Pinos 2,1,8,High,Crustose Coralline Algae,California Spiny Chiton,
Point Pinos 2,1,8,High,Balanus,California Mussel,
Point Pinos 2,1,9,High,Crustose Coralline Algae,Pink Volcano Barnacle,
Point Pinos 2,1,9,High,Littorina,Littorina,
Point Pinos 2,1,10,High,Crustose Coralline Algae,Digitalis,
Point Pinos 2,1,10,High,Crustose Coralline Algae,California Spiny Chiton,
Point Pinos 2,1,10,High,Crustose Coralline Algae,Pink Volcano Barnacle,
Point Pinos 2,2,1,Medium,Digitalis,Balanus,
Point Pinos 2,2,1,Medium,Pink Volcano Barnacle,Balanus,
Point Pinos 2,2,1,Medium,Black Limpet,Balanus,
Point Pinos 2,2,1,Medium,Nori,Balanus,
Point Pinos 2,2,1,Medium,Balanus,Balanus,
Point Pinos 2,2,1,Medium,Black Limpet,California Mussel,
Point Pinos 2,2,1,Medium,Digitalis,California Mussel,
Point Pinos 2,2,1,Medium,Balanus,California Mussel,
Point Pinos 2,2,1,Medium,Digitalis,Gooseneck Barnacle,
Point Pinos 2,2,1,Medium,Crustose Coralline Algae,Gooseneck Barnacle,
Point Pinos 2,2,1,Medium,Balanus,Pink Volcano Barnacle,
Point Pinos 2,2,1,Medium,Pink Volcano Barnacle,Pink Volcano Barnacle,
Point Pinos 2,2,1,Medium,Black Limpet,Gooseneck Barnacle,
Point Pinos 2,2,2,Medium,Balanus,California Mussel,
Point Pinos 2,2,2,Medium,Black Limpet,California Mussel,
Point Pinos 2,2,2,Medium,Green Algae,Black Limpet,Species of algae not marked
Point Pinos 2,2,2,Medium,Black Limpet,Black Tegula,
Point Pinos 2,2,2,Medium,Balanus,Balanus,
Point Pinos 2,2,2,Medium,Balanus,Scabra,
Point Pinos 2,2,3,Medium,Tar Spot,California Mussel,
Point Pinos 2,2,3,Medium,Black Limpet,California Mussel,
Point Pinos 2,2,3,Medium,Balanus,California Mussel,
Point Pinos 2,2,3,Medium,Chthamalus,California Mussel,
Point Pinos 2,2,3,Medium,Nori,California Mussel,
Point Pinos 2,2,3,Medium,Digitalis,California Mussel,
Point Pinos 2,2,3,Medium,Green Algae,California Mussel,Species of algae not marked
Point Pinos 2,2,3,Medium,Balanus,Balanus,
Point Pinos 2,2,4,Medium,Balanus,California Mussel,
Point Pinos 2,2,4,Medium,Chthamalus,California Mussel,
Point Pinos 2,2,4,Medium,Black Limpet,California Mussel,
Point Pinos 2,2,4,Medium,Nori,California Mussel,
Point Pinos 2,2,4,Medium,Digitalis,California Mussel,
Point Pinos 2,2,4,Medium,Digitalis,Balanus,
Point Pinos 2,2,4,Medium,Tar Spot,Pink Volcano Barnacle,
Point Pinos 2,2,4,Medium,Tar Spot,Balanus,
Point Pinos 2,2,4,Medium,Digitalis,Pink Volcano Barnacle,
Point Pinos 2,2,4,Medium,Balanus,Pink Volcano Barnacle,
Point Pinos 2,2,4,Medium,Scabra,Pink Volcano Barnacle,
Point Pinos 2,2,5,Medium,Chthamalus,California Mussel,
Point Pinos 2,2,5,Medium,Digitalis,California Mussel,
Point Pinos 2,2,5,Medium,Black Limpet,California Mussel,
Point Pinos 2,2,5,Medium,Balanus,Pink Volcano Barnacle,
Point Pinos 2,2,5,Medium,Digitalis,Pink Volcano Barnacle,
Point Pinos 2,2,5,Medium,Nori,Balanus,
Point Pinos 2,2,5,Medium,Crustose Coralline Algae,Pink Volcano Barnacle,
Point Pinos 2,2,5,Medium,Green Algae,Scabra,Species of algae not marked
Point Pinos 2,2,5,Medium,Balanus,California Mussel,
Point Pinos 2,2,6,Medium,Black Limpet,California Mussel,
Point Pinos 2,2,6,Medium,Digitalis,California Mussel,
Point Pinos 2,2,6,Medium,Black Limpet,Gooseneck Barnacle,
Point Pinos 2,2,6,Medium,Crustose Coralline Algae,Gooseneck Barnacle,
Point Pinos 2,2,6,Medium,Chthamalus,California Mussel,
Point Pinos 2,2,6,Medium,Balanus,California Mussel,
Point Pinos 2,2,6,Medium,Black Limpet,Digitalis,
Point Pinos 2,2,6,Medium,Balanus,Balanus,
Point Pinos 2,2,6,Medium,Chthamalus,Pink Volcano Barnacle,
Point Pinos 2,2,6,Medium,Digitalis,Pink Volcano Barnacle,
Point Pinos 2,2,6,Medium,Balanus,Pink Volcano Barnacle,
Point Pinos 2,2,6,Medium,Digitalis,Balanus,
Point Pinos 2,2,6,Medium,Chthamalus,Balanus,
Point Pinos 2,2,6,Medium,Black Limpet,Pink Volcano Barnacle,
Point Pinos 2,2,6,Medium,Red Algae,Balanus,Species of algae not marked
Point Pinos 2,2,6,Medium,Pink Volcano Barnacle,Balanus,
Point Pinos 2,2,7,Medium,Black Limpet,Black Tegula,
Point Pinos 2,2,7,Medium,Balanus,Black Tegula,
Point Pinos 2,2,7,Medium,Black Limpet,California Mussel,
Point Pinos 2,2,7,Medium,Digitalis,Balanus,
Point Pinos 2,2,7,Medium,Crustose Coralline Algae,Digitalis,
Point Pinos 2,2,7,Medium,Digitalis,Black Tegula,
Point Pinos 2,2,8,Medium,Crustose Coralline Algae,California Mussel,
Point Pinos 2,2,8,Medium,Shield Limpet,California Mussel,
Point Pinos 2,2,8,Medium,Digitalis,California Mussel,
Point Pinos 2,2,8,Medium,Tar Spot,Brown Tegula,
Point Pinos 2,2,8,Medium,Red Algae,Unstable Limpet,Species of algae not marked
Point Pinos 2,2,8,Medium,Crustose Coralline Algae,Digitalis,
Point Pinos 2,2,8,Medium,Crustose Coralline Algae,Pink Volcano Barnacle,
Point Pinos 2,2,8,Medium,Tar Spot,Pink Volcano Barnacle,
Point Pinos 2,2,9,Medium,Digitalis,California Mussel,
Point Pinos 2,2,9,Medium,Black Limpet,Digitalis,
Point Pinos 2,2,9,Medium,Black Limpet,California Mussel,
Point Pinos 2,2,9,Medium,Crustose Coralline Algae,Digitalis,
Point Pinos 2,2,10,Medium,Black Limpet,California Mussel,
Point Pinos 2,2,10,Medium,Crustose Coralline Algae,Digitalis,
Point Pinos 2,3,1,Low,Crustose Coralline Algae,California Mussel,
Point Pinos 2,3,1,Low,Black Limpet,California Mussel,
Point Pinos 2,3,1,Low,Mastocarpus,California Mussel,
Point Pinos 2,3,1,Low,Filamentous Coralline Algae,California Mussel,
Point Pinos 2,3,1,Low,Prionitis,Pink Volcano Barnacle,
Point Pinos 2,3,2,Low,Digitalis,Balanus,
Point Pinos 2,3,2,Low,Crustose Coralline Algae,Balanus,
Point Pinos 2,3,2,Low,Tar Spot,Brown Tegula,
Point Pinos 2,3,2,Low,Crustose Coralline Algae,Brown Tegula,
Point Pinos 2,3,2,Low,Black Limpet,California Mussel,
Point Pinos 2,3,3,Low,Black Limpet,California Mussel,
Point Pinos 2,3,3,Low,Tar Spot,Brown Tegula,
Point Pinos 2,3,3,Low,Crustose Coralline Algae,Brown Tegula,
Point Pinos 2,3,3,Low,Hooked Slippersnail,Black Tegula,
Point Pinos 2,3,3,Low,Black Limpet,Balanus,
Point Pinos 2,3,4,Low,Black Limpet,Balanus,
Point Pinos 2,3,4,Low,Black Limpet,California Mussel,
Point Pinos 2,3,4,Low,Crustose Coralline Algae,California Spiny Chiton,
Point Pinos 2,3,4,Low,Green Algae,Digitalis,Species of algae not marked
Point Pinos 2,3,5,Low,Black Limpet,California Mussel,
Point Pinos 2,3,5,Low,Digitalis,California Mussel,
Point Pinos 2,3,6,Low,Filamentous Coralline Algae,Balanus,
Point Pinos 2,3,6,Low,Digitalis,Balanus,
Point Pinos 2,3,6,Low,Green Algae,Balanus,
Point Pinos 2,3,6,Low,Crustose Coralline Algae,Balanus,
Point Pinos 2,3,6,Low,Crustose Coralline Algae,Pink Volcano Barnacle,
Point Pinos 2,3,6,Low,Tar Spot,Digitalis,
Point Pinos 2,3,6,Low,Crustose Coralline Algae,Digitalis,
Point Pinos 2,3,6,Low,Tar Spot,Shield Limpet,
Point Pinos 2,3,6,Low,Filamentous Coralline Algae,Gooseneck Barnacle,
Point Pinos 2,3,7,Low,Tar Spot,Digitalis,
Point Pinos 2,3,7,Low,Crustose Coralline Algae,Digitalis,
Point Pinos 2,3,7,Low,Mastocarpus,Digitalis,
Point Pinos 2,3,8,Low,Crustose Coralline Algae,California Mussel,
Point Pinos 2,3,8,Low,Black Limpet,California Mussel,
Point Pinos 2,3,8,Low,Tar Spot,California Mussel,
Point Pinos 2,3,8,Low,Digitalis,California Mussel,
Point Pinos 2,3,8,Low,Green Algae,Digitalis,Species of algae not marked
Point Pinos 2,3,9,Low,Digitalis,Digitalis,
Point Pinos 2,3,9,Low,Crustose Coralline Algae,California Mussel,
Point Pinos 2,3,9,Low,Filamentous Coralline Algae,California Mussel,
Point Pinos 2,3,9,Low,Crustose Coralline Algae,Balanus,
Point Pinos 2,3,10,Low,Crustose Coralline Algae,California Mussel,
Asilomar 1,1,1,High,Digitalis,Black Tegula,
Asilomar 1,1,1,High,Serpulidae,Digitalis,
Asilomar 1,1,2,High,Balanus,Black Tegula,
Asilomar 1,1,2,High,Digitalis,Black Tegula,
Asilomar 1,1,2,High,Mastocarpus,Digitalis,
Asilomar 1,1,3,High,Balanus,Pink Volcano Barnacle,
Asilomar 1,1,3,High,Black Limpet,Black Tegula,
Asilomar 1,1,3,High,Serpulidae,Digitalis,
Asilomar 1,1,4,High,Black Limpet,Black Tegula,
Asilomar 1,1,5,High,Crustose Coralline Algae,Pink Volcano Barnacle,
Asilomar 1,1,5,High,Pink Volcano Barnacle,Pink Volcano Barnacle,
Asilomar 1,1,5,High,Crustose Coralline Algae,California Spiny Chiton,
Asilomar 1,1,5,High,Black Limpet,Black Tegula,
Asilomar 1,1,5,High,Digitalis,Black Tegula,
Asilomar 1,1,5,High,Crustose Coralline Algae,California Mussel,
Asilomar 1,1,6,High,Digitalis,Gooseneck Barnacle,
Asilomar 1,1,6,High,Tar Spot,Gooseneck Barnacle,
Asilomar 1,1,6,High,Cladophora,Gooseneck Barnacle,
Asilomar 1,1,6,High,Mastocarpus,Gooseneck Barnacle,
Asilomar 1,1,6,High,Crustose Coralline Algae,Balanus,
Asilomar 1,1,6,High,Crustose Coralline Algae,California Spiny Chiton,
Asilomar 1,2,1,Medium,Mastocarpus,Digitalis,
Asilomar 1,2,1,Medium,Digitalis,Black Tegula,
Asilomar 1,2,1,Medium,Black Limpet,Black Tegula,
Asilomar 1,2,1,Medium,Digitalis,Shield Limpet,
Asilomar 1,2,1,Medium,Mastocarpus,Shield Limpet,
Asilomar 1,2,2,Medium,Black Limpet,California Mussel,
Asilomar 1,2,2,Medium,Digitalis,California Mussel,
Asilomar 1,2,2,Medium,Balanus,California Mussel,
Asilomar 1,2,2,Medium,Black Limpet,Gooseneck Barnacle,
Asilomar 1,2,2,Medium,Digitalis,Black Tegula,
Asilomar 1,2,2,Medium,Black Limpet,Black Tegula,
Asilomar 1,2,2,Medium,Digitalis,Pink Volcano Barnacle,
Asilomar 1,2,2,Medium,Mastocarpus,Pink Volcano Barnacle,
Asilomar 1,2,3,Medium,Digitalis,Pink Volcano Barnacle,
Asilomar 1,2,3,Medium,Green Algae,Shield Limpet,Species of algae not marked
Asilomar 1,2,3,Medium,Green Algae,Scabra,Species of algae not marked
Asilomar 1,2,3,Medium,Digitalis,Gooseneck Barnacle,
Asilomar 1,2,3,Medium,Tar Spot,Gooseneck Barnacle,
Asilomar 1,2,3,Medium,Green Algae,Scabra,Species of algae not marked
Asilomar 1,2,3,Medium,Crustose Coralline Algae,Pink Volcano Barnacle,
Asilomar 1,2,4,Medium,Green Algae,Shield Limpet,Species of algae not marked
Asilomar 1,2,4,Medium,Tar Spot,Pink Volcano Barnacle,
Asilomar 1,2,4,Medium,Red Algae,Pink Volcano Barnacle,Species of algae not marked
Asilomar 1,2,4,Medium,Black Limpet,Pink Volcano Barnacle,
Asilomar 1,2,4,Medium,Green Algae,Scabra,Species of algae not marked
Asilomar 1,2,4,Medium,Digitalis,Shield Limpet,
Asilomar 1,2,5,Medium,Green Algae,Scabra,Species of algae not marked
Asilomar 1,2,5,Medium,Green Algae,Shield Limpet,Species of algae not marked
Asilomar 1,2,6,Medium,Digitalis,California Mussel,
Asilomar 1,2,6,Medium,Green Algae,Scabra,Species of algae not marked
Asilomar 1,2,6,Medium,Digitalis,Black Tegula,
Asilomar 1,2,6,Medium,Black Limpet,California Mussel,
Asilomar 1,2,6,Medium,Balanus,California Spiny Chiton,
Asilomar 1,2,6,Medium,Crustose Coralline Algae,California Spiny Chiton,
Asilomar 1,2,6,Medium,Digitalis,California Spiny Chiton,
Asilomar 1,2,6,Medium,Tar Spot,California Spiny Chiton,
Asilomar 1,3,1,Low,Green Algae,Shield Limpet,Species of algae not marked
Asilomar 1,3,1,Low,Scouring Pad Algae,Pink Volcano Barnacle,
Asilomar 1,3,1,Low,Balanus,Black Tegula,
Asilomar 1,3,1,Low,Crustose Coralline Algae,Black Tegula,
Asilomar 1,3,1,Low,Digitalis,Pink Volcano Barnacle,
Asilomar 1,3,1,Low,Tar Spot,Pink Volcano Barnacle,
Asilomar 1,3,1,Low,Black Limpet,Black Tegula,
Asilomar 1,3,1,Low,Black Limpet,Black Tegula,
Asilomar 1,3,1,Low,Balanus,Pink Volcano Barnacle,
Asilomar 1,3,2,Low,Green Algae,Shield Limpet,Species of algae not marked
Asilomar 1,3,2,Low,Scabra,Shield Limpet,
Asilomar 1,3,2,Low,Mastocarpus,Shield Limpet,
Asilomar 1,3,2,Low,Balanus,Black Tegula,
Asilomar 1,3,2,Low,Digitalis,Black Tegula,
Asilomar 1,3,2,Low,Red Algae,Black Tegula,Species of algae not marked
Asilomar 1,3,2,Low,Hooked Slippersnail,Black Tegula,
Asilomar 1,3,3,Low,Balanus,Shield Limpet,
Asilomar 1,3,3,Low,Scabra,Shield Limpet,
Asilomar 1,3,3,Low,Black Limpet,Black Tegula,
Asilomar 1,3,4,Low,Green Algae,Shield Limpet,Species of algae not marked
Asilomar 1,3,4,Low,Balanus,Black Tegula,
Asilomar 1,3,4,Low,Digitalis,Black Tegula,
Asilomar 1,3,4,Low,Mastocarpus,Black Tegula,
Asilomar 1,3,5,Low,Balanus,Black Tegula,
Asilomar 1,3,5,Low,Crustose Coralline Algae,Black Tegula,
Asilomar 1,3,5,Low,Digitalis,Black Tegula,
Asilomar 1,3,6,Low,Green Algae,File Limpet,Species of algae not marked
Asilomar 1,3,6,Low,Green Algae,Shield Limpet,Species of algae not marked
Asilomar 1,3,6,Low,Digitalis,Black Tegula,
Asilomar 1,3,6,Low,Digitalis,Shield Limpet,
Asilomar 1,3,6,Low,Digitalis,Volcano Keyhole Limpet,
Asilomar 1,3,6,Low,Balanus,Black Tegula,
Asilomar 1,3,6,Low,Tar Spot,Black Tegula,
Asilomar 1,3,6,Low,Red Algae,Black Tegula,Species of algae not marked
Asilomar 1,3,6,Low,Green Algae,Digitalis,Species of algae not marked
Asilomar 2,1,1,High,Green Algae,Scabra,Species of algae not marked
Asilomar 2,1,1,High,Green Algae,Balanus,Species of algae not marked
Asilomar 2,1,2,High,Digitalis,Littorina,
Asilomar 2,1,2,High,Green Algae,Scabra,Species of algae not marked
Asilomar 2,1,2,High,Green Algae,Shield Limpet,Species of algae not marked
Asilomar 2,1,3,High,Green Algae,Scabra,Species of algae not marked
Asilomar 2,1,3,High,Tar Spot,Black Tegula,
Asilomar 2,1,3,High,Crustose Coralline Algae,California Spiny Chiton,
Asilomar 2,1,4,High,Green Algae,Scabra,Species of algae not marked
Asilomar 2,1,4,High,Nori,Scabra,
Asilomar 2,1,5,High,Green Algae,Scabra,Species of algae not marked
Asilomar 2,1,6,High,Green Algae,Scabra,Species of algae not marked
Asilomar 2,1,7,High,Green Algae,Scabra,Species of algae not marked
Asilomar 2,2,1,Medium,Digitalis,Black Tegula,
Asilomar 2,2,2,Medium,Balanus,Black Tegula,
Asilomar 2,2,2,Medium,Digitalis,Black Tegula,
Asilomar 2,2,2,Medium,Tar Spot,Black Tegula,
Asilomar 2,2,3,Medium,Scouring Pad Algae,Black Tegula,
Asilomar 2,2,4,Medium,Digitalis,Black Tegula,
Asilomar 2,2,4,Medium,Filamentous Coralline Algae,California Spiny Chiton,
Asilomar 2,2,5,Medium,Black Limpet,Black Tegula,
Asilomar 2,2,5,Medium,Crustose Coralline Algae,Volcano Keyhole Limpet,
Asilomar 2,2,6,Medium,Tar Spot,Shield Limpet,
Asilomar 2,2,6,Medium,Green Algae,Shield Limpet,Species of algae not marked
Asilomar 2,2,6,Medium,Green Algae,Scabra,Species of algae not marked
Asilomar 2,2,6,Medium,Crustose Coralline Algae,California Spiny Chiton,
Asilomar 2,2,6,Medium,Red Algae,California Spiny Chiton,Species of algae not marked
Asilomar 2,2,6,Medium,Black Limpet,Black Tegula,
Asilomar 2,2,7,Medium,Crustose Coralline Algae,California Spiny Chiton,
Asilomar 2,2,7,Medium,Green Algae,Scabra,Species of algae not marked
Asilomar 2,2,7,Medium,Green Algae,Gooseneck Barnacle,Species of algae not marked
Asilomar 2,2,7,Medium,Green Algae,Nucella,Species of algae not marked
Asilomar 2,2,7,Medium,Digitalis,Nucella,
Asilomar 2,2,7,Medium,Green Algae,California Spiny Chiton,Species of algae not marked
Asilomar 2,2,7,Medium,Crustose Coralline Algae,Pink Volcano Barnacle,
Asilomar 2,2,7,Medium,Red Algae,California Spiny Chiton,Species of algae not marked
Asilomar 2,3,1,Low,Black Limpet,Black Tegula,
Asilomar 2,3,1,Low,Tar Spot,Black Tegula,
Asilomar 2,3,1,Low,Hooked Slippersnail,Black Tegula,
Asilomar 2,3,2,Low,Hooked Slippersnail,Black Tegula,
Asilomar 2,3,2,Low,Black Limpet,Black Tegula,
Asilomar 2,3,2,Low,Balanus,Black Tegula,
Asilomar 2,3,2,Low,Serpulidae,Black Tegula,
Asilomar 2,3,2,Low,Black Limpet,Black Tegula,
Asilomar 2,3,2,Low,Tar Spot,Black Tegula,
Asilomar 2,3,2,Low,Digitalis,Black Tegula,
Asilomar 2,3,3,Low,Tar Spot,Black Tegula,
Asilomar 2,3,3,Low,Digitalis,Black Tegula,
Asilomar 2,3,3,Low,Black Limpet,Black Tegula,
Asilomar 2,3,3,Low,Black Limpet,Black Tegula,
Asilomar 2,3,3,Low,Hooked Slippersnail,Black Tegula,
Asilomar 2,3,3,Low,Red Algae,Black Tegula,Species of algae not marked
Asilomar 2,3,4,Low,Digitalis,Black Tegula,
Asilomar 2,3,4,Low,Scouring Pad Algae,Black Tegula,
Asilomar 2,3,4,Low,Tar Spot,Black Tegula,
Asilomar 2,3,5,Low,Tar Spot,Black Tegula,
Asilomar 2,3,5,Low,Hooked Slippersnail,Black Tegula,
Asilomar 2,3,5,Low,Black Limpet,Black Tegula,
Asilomar 2,3,5,Low,Digitalis,Black Tegula,
Asilomar 2,3,5,Low,Balanus,Black Tegula,
Asilomar 2,3,6,Low,Hooked Slippersnail,Black Tegula,
Asilomar 2,3,6,Low,Scouring Pad Algae,Black Tegula,
Asilomar 2,3,6,Low,Balanus,Black Tegula,
Asilomar 2,3,6,Low,Digitalis,Black Tegula,
Asilomar 2,3,6,Low,Tar Spot,Black Tegula,
Asilomar 2,3,7,Low,Balanus,Black Tegula,
Asilomar 2,3,7,Low,Tar Spot,Black Tegula,
Asilomar 2,3,7,Low,Black Limpet,Black Tegula,
Asilomar 2,3,7,Low,Hooked Slippersnail,Black Tegula,
Otter Cove 1,1,4,High,Hooked Slippersnail,Black Tegula,
Otter Cove 1,1,5,High,Hooked Slippersnail,Black Tegula,
Otter Cove 1,1,6,High,Hooked Slippersnail,Black Tegula,
Otter Cove 1,1,7,High,Filamentous Coralline Algae,California Mussel,COUNTS UNSURE
Otter Cove 1,1,7,High,Mastocarpus,California Mussel,COUNTS UNSURE
Otter Cove 1,1,7,High,Balanus,California Mussel,COUNTS UNSURE
Otter Cove 1,1,8,High,Balanus,Black Tegula,
Otter Cove 1,2,1,Medium,Crustose Coralline Algae,California Spiny Chiton,
Otter Cove 1,2,1,Medium,Digitalis,File Limpet,
Otter Cove 1,2,1,Medium,Black Limpet,File Limpet,
Otter Cove 1,2,1,Medium,Digitalis,Shield Limpet,
Otter Cove 1,2,1,Medium,Scouring Pad Algae,California Spiny Chiton,
Otter Cove 1,2,1,Medium,Filamentous Coralline Algae,California Mussel,
Otter Cove 1,2,1,Medium,Scouring Pad Algae,California Mussel,
Otter Cove 1,2,2,Medium,Mastocarpus,Black Tegula,
Otter Cove 1,2,3,Medium,Scouring Pad Algae,File Limpet,
Otter Cove 1,2,3,Medium,Crustose Coralline Algae,File Limpet,
Otter Cove 1,2,3,Medium,Hooked Slippersnail,Black Tegula,
Otter Cove 1,2,3,Medium,Digitalis,File Limpet,
Otter Cove 1,2,4,Medium,Hooked Slippersnail,Black Tegula,
Otter Cove 1,2,4,Medium,Digitalis,Black Tegula,
Otter Cove 1,2,5,Medium,Digitalis,Shield Limpet,
Otter Cove 1,2,5,Medium,Black Limpet,Shield Limpet,
Otter Cove 1,2,5,Medium,Scouring Pad Algae,California Spiny Chiton,
Otter Cove 1,2,5,Medium,Crustose Coralline Algae,California Spiny Chiton,
Otter Cove 1,2,5,Medium,Tar Spot,Pink Volcano Barnacle,
Otter Cove 1,2,5,Medium,Crustose Coralline Algae,Pink Volcano Barnacle,
Otter Cove 1,2,5,Medium,Pink Volcano Barnacle,Pink Volcano Barnacle,
Otter Cove 1,2,5,Medium,Scouring Pad Algae,California Mussel,
Otter Cove 1,2,5,Medium,Filamentous Coralline Algae,California Mussel,
Otter Cove 1,2,6,Medium,Mastocarpus,File Limpet,
Otter Cove 1,2,6,Medium,Green Algae,File Limpet,Species of algae not marked
Otter Cove 1,2,7,Medium,Digitalis,Shield Limpet,
Otter Cove 1,2,7,Medium,Green Algae,File Limpet,
Otter Cove 1,2,7,Medium,Balanus,Shield Limpet,
Otter Cove 1,2,8,Medium,Mastocarpus,File Limpet,
Otter Cove 1,2,8,Medium,Gooseneck Barnacle,File Limpet,
Otter Cove 1,2,8,Medium,Digitalis,File Limpet,
Otter Cove 1,2,8,Medium,Balanus,File Limpet,
Otter Cove 1,2,8,Medium,Scouring Pad Algae,California Mussel,
Otter Cove 1,2,8,Medium,Tar Spot,Pink Volcano Barnacle,
Otter Cove 1,2,9,Medium,Crustose Coralline Algae,California Spiny Chiton,
Otter Cove 1,2,9,Medium,Mastocarpus,California Mussel,
Otter Cove 1,2,9,Medium,Scouring Pad Algae,California Mussel,
Otter Cove 1,2,9,Medium,Filamentous Coralline Algae,California Mussel,
Otter Cove 1,2,9,Medium,Mastocarpus,Shield Limpet,
Otter Cove 1,2,10,Medium,Tar Spot,Pink Volcano Barnacle,
Otter Cove 1,2,10,Medium,Mastocarpus,Pink Volcano Barnacle,
Otter Cove 1,2,10,Medium,Digitalis,File Limpet,
Otter Cove 1,2,10,Medium,Balanus,File Limpet,
Otter Cove 1,2,10,Medium,Scouring Pad Algae,File Limpet,
Otter Cove 1,3,2,Low,Hooked Slippersnail,Black Tegula,
Otter Cove 1,3,2,Low,Crustose Coralline Algae,Black Tegula,
Otter Cove 1,3,2,Low,Red Algae,Black Tegula,Species of algae not marked
Otter Cove 1,3,3,Low,Digitalis,Black Tegula,
Otter Cove 1,3,3,Low,Filamentous Coralline Algae,Mossy Chiton,
Otter Cove 1,3,3,Low,Tar Spot,Mossy Chiton,
Otter Cove 1,3,4,Low,Black Limpet,Black Tegula,
Otter Cove 1,3,5,Low,Digitalis,Black Tegula,
Otter Cove 1,3,5,Low,Red Algae,Black Tegula,Species of algae not marked
Otter Cove 1,3,5,Low,Serpulidae,Black Tegula,
Otter Cove 1,3,6,Low,Red Algae,Black Tegula,Species of algae not marked
Otter Cove 1,3,6,Low,Hooked Slippersnail,Black Tegula,
Otter Cove 1,3,6,Low,Green Algae,File Limpet,Species of algae not marked
Otter Cove 1,3,6,Low,Serpulidae,Black Tegula,
Otter Cove 1,3,7,Low,Green Algae,File Limpet,Species of algae not marked
Otter Cove 1,3,7,Low,Hooked Slippersnail,Black Tegula,
Otter Cove 1,3,7,Low,Chthamalus,Black Tegula,
Otter Cove 1,3,7,Low,Digitalis,Black Tegula,
Otter Cove 1,3,7,Low,Hooked Slippersnail,Hooked Slippersnail,
Otter Cove 1,3,8,Low,Red Algae,Black Tegula,Species of algae not marked
Otter Cove 1,3,8,Low,Black Limpet,Black Tegula,
Otter Cove 1,3,9,Low,Hooked Slippersnail,Black Tegula,
Otter Cove 1,3,10,Low,Chthamalus,Black Tegula,
Otter Cove 1,3,10,Low,Digitalis,Black Tegula,
Cannery Row 1,1,1,High,Balanus,California Mussel,
Cannery Row 1,1,1,High,Scabra,California Mussel,
Cannery Row 1,1,1,High,Digitalis,California Mussel,
Cannery Row 1,1,1,High,File Limpet,California Mussel,
Cannery Row 1,1,1,High,Nori,California Mussel,
Cannery Row 1,1,2,High,Balanus,California Mussel,
Cannery Row 1,1,2,High,Digitalis,California Mussel,
Cannery Row 1,1,2,High,Scabra,California Mussel,
Cannery Row 1,1,2,High,Green Algae,File Limpet,Species of algae not marked
Cannery Row 1,1,2,High,Scabra,Shield Limpet,
Cannery Row 1,1,2,High,Chthamalus,California Mussel,
Cannery Row 1,1,3,High,Balanus,California Mussel,
Cannery Row 1,1,3,High,Green Algae,Scabra,Species of algae not marked
Cannery Row 1,1,3,High,Green Algae,File Limpet,Species of algae not marked
Cannery Row 1,1,3,High,Digitalis,File Limpet,
Cannery Row 1,1,3,High,Balanus,Pink Volcano Barnacle,
Cannery Row 1,1,3,High,Balanus,File Limpet,
Cannery Row 1,1,5,High,Balanus,Pink Volcano Barnacle,
Cannery Row 1,1,5,High,Digitalis,Black Tegula,
Cannery Row 1,1,6,High,Chthamalus,Circled Rocksnail,
Cannery Row 1,1,6,High,Balanus,Balanus,
Cannery Row 1,1,6,High,Scabra,Balanus,
Cannery Row 1,1,6,High,Balanus,Scabra,
Cannery Row 1,1,6,High,Digitalis,Balanus,
Cannery Row 1,1,7,High,Balanus,California Mussel,
Cannery Row 1,1,7,High,Digitalis,California Mussel,
Cannery Row 1,1,7,High,Chthamalus,California Mussel,
Cannery Row 1,1,7,High,Scabra,California Mussel,
Cannery Row 1,1,7,High,Hooked Slippersnail,Black Tegula,
Cannery Row 1,1,7,High,Black Limpet,California Mussel,
Cannery Row 1,1,7,High,File Limpet,California Mussel,
Cannery Row 1,1,8,High,Balanus,California Mussel,
Cannery Row 1,1,8,High,Hooked Slippersnail,Black Tegula,
Cannery Row 1,1,8,High,Black Limpet,Black Tegula,
Cannery Row 1,1,8,High,Chthamalus,California Mussel,
Cannery Row 1,1,9,High,Balanus,California Mussel,
Cannery Row 1,1,9,High,Digitalis,California Mussel,
Cannery Row 1,1,9,High,Black Limpet,Black Tegula,
Cannery Row 1,1,10,High,Nori,California Mussel,
Cannery Row 1,1,10,High,Scabra,California Mussel,
Cannery Row 1,1,10,High,Balanus,California Mussel,
Cannery Row 1,2,1,Medium,Black Limpet,Black Tegula,
Cannery Row 1,2,1,Medium,Black Limpet,Black Tegula,
Cannery Row 1,2,1,Medium,Digitalis,Black Tegula,
Cannery Row 1,2,1,Medium,Tar Spot,Brown Tegula,
Cannery Row 1,2,2,Medium,Black Limpet,Black Tegula,
Cannery Row 1,2,2,Medium,Black Limpet,Black Tegula,
Cannery Row 1,2,2,Medium,Digitalis,Black Tegula,
Cannery Row 1,2,2,Medium,Hooked Slippersnail,Black Tegula,
Cannery Row 1,2,3,Medium,Hooked Slippersnail,Black Tegula,
Cannery Row 1,2,3,Medium,Black Limpet,Black Tegula,
Cannery Row 1,2,3,Medium,Digitalis,Black Tegula,
Cannery Row 1,2,3,Medium,Black Limpet,Black Tegula,
Cannery Row 1,2,4,Medium,Black Limpet,Black Tegula,
Cannery Row 1,2,4,Medium,Black Limpet,Black Tegula,
Cannery Row 1,2,4,Medium,Hooked Slippersnail,Black Tegula,
Cannery Row 1,2,4,Medium,Digitalis,Black Tegula,
Cannery Row 1,2,4,Medium,Red Algae,Black Tegula,Species of algae not marked
Cannery Row 1,2,5,Medium,Black Limpet,Black Tegula,
Cannery Row 1,2,5,Medium,Hooked Slippersnail,Black Tegula,
Cannery Row 1,2,5,Medium,Black Limpet,Black Tegula,
Cannery Row 1,2,5,Medium,Digitalis,Black Tegula,
Cannery Row 1,2,5,Medium,Balanus,Black Tegula,
Cannery Row 1,2,5,Medium,Digitalis,Digitalis,
Cannery Row 1,2,6,Medium,Black Limpet,Black Tegula,
Cannery Row 1,2,6,Medium,Digitalis,Black Tegula,
Cannery Row 1,2,6,Medium,Tar Spot,Brown Tegula,
Cannery Row 1,2,7,Medium,Digitalis,Black Tegula,
Cannery Row 1,2,7,Medium,Mastocarpus,Black Tegula,
Cannery Row 1,2,7,Medium,Black Limpet,Black Tegula,
Cannery Row 1,2,7,Medium,Tar Spot,Black Tegula,
Cannery Row 1,2,8,Medium,Black Limpet,Black Tegula,
Cannery Row 1,2,8,Medium,Digitalis,Black Tegula,
Cannery Row 1,2,9,Medium,Black Limpet,Black Tegula,
Cannery Row 1,2,9,Medium,Hooked Slippersnail,Black Tegula,
Cannery Row 1,2,9,Medium,Balanus,Black Tegula,
Cannery Row 1,2,10,Medium,Digitalis,Black Tegula,
Cannery Row 1,3,1,Low,Hooked Slippersnail,Hooked Slippersnail,
Cannery Row 1,3,1,Low,Hooked Slippersnail,Black Tegula,
Cannery Row 1,3,1,Low,Black Limpet,Black Tegula,
Cannery Row 1,3,1,Low,Digitalis,Black Tegula,
Cannery Row 1,3,1,Low,Balanus,Black Tegula,
Cannery Row 1,3,3,Low,Hooked Slippersnail,Hooked Slippersnail,
Cannery Row 1,3,3,Low,Balanus,Black Tegula,
Cannery Row 1,3,3,Low,Serpulidae,Black Tegula,
Cannery Row 1,3,3,Low,Black Limpet,Black Tegula,
Cannery Row 1,3,3,Low,Digitalis,Black Tegula,
Cannery Row 1,3,3,Low,Tar Spot,Black Tegula,
Cannery Row 1,3,3,Low,Mastocarpus,Black Tegula,
Cannery Row 1,3,3,Low,Hooked Slippersnail,Black Tegula,
Cannery Row 1,3,4,Low,Hooked Slippersnail,Hooked Slippersnail,
Cannery Row 1,3,4,Low,Hooked Slippersnail,Black Tegula,
Cannery Row 1,3,4,Low,Filamentous Coralline Algae,Black Tegula,
Cannery Row 1,3,4,Low,Mastocarpus,Black Tegula,
Cannery Row 1,3,4,Low,Red Algae,Black Tegula,Species of algae not marked
Cannery Row 1,3,4,Low,Balanus,Black Tegula,
Cannery Row 1,3,4,Low,Tar Spot,Black Tegula,
Cannery Row 1,3,5,Low,Hooked Slippersnail,Hooked Slippersnail,
Cannery Row 1,3,5,Low,Hooked Slippersnail,Black Tegula,
Cannery Row 1,3,5,Low,Digitalis,Black Tegula,
Cannery Row 1,3,5,Low,File Limpet,Black Tegula,
Cannery Row 1,3,5,Low,Red Algae,Black Tegula,Species of algae not marked
Cannery Row 1,3,5,Low,Black Limpet,Black Tegula,
Cannery Row 1,3,5,Low,Black Limpet,Black Tegula,
Cannery Row 1,3,6,Low,Hooked Slippersnail,Hooked Slippersnail,
Cannery Row 1,3,6,Low,Hooked Slippersnail,Black Tegula,
Cannery Row 1,3,6,Low,Balanus,Black Tegula,
Cannery Row 1,3,6,Low,Red Algae,Black Tegula,Species of algae not marked
Cannery Row 1,3,6,Low,Black Limpet,Black Tegula,
Cannery Row 1,3,7,Low,Black Limpet,Black Tegula,
Cannery Row 1,3,7,Low,Red Algae,Black Tegula,species of algae not marked
Cannery Row 1,3,8,Low,Hooked Slippersnail,Hooked Slippersnail,COUNTS UNSURE
Cannery Row 1,3,8,Low,Hooked Slippersnail,Black Tegula,COUNTS UNSURE
Cannery Row 1,3,8,Low,Balanus,Black Tegula,COUNTS UNSURE
Cannery Row 1,3,8,Low,Tar Spot,Black Tegula,COUNTS UNSURE
Cannery Row 1,3,8,Low,Digitalis,Black Tegula,COUNTS UNSURE
Cannery Row 1,3,9,Low,Cladophora,California Mussel,COUNTS UNSURE
Cannery Row 1,3,9,Low,Hooked Slippersnail,Black Tegula,COUNTS UNSURE
Cannery Row 1,3,9,Low,Hooked Slippersnail,Hooked Slippersnail,COUNTS UNSURE
Cannery Row 1,3,9,Low,Tar Spot,Black Tegula,COUNTS UNSURE
Cannery Row 1,3,10,Low,Hooked Slippersnail,Black Tegula,COUNTS UNSURE
Cannery Row 1,3,10,Low,Balanus,Black Tegula,COUNTS UNSURE
Lovers Point 1,1,1,High,Tar Spot,Balanus,
Lovers Point 1,1,1,High,Balanus,Balanus,
Lovers Point 1,1,1,High,Balanus,Scabra,
Lovers Point 1,1,1,High,Scabra,Balanus,
Lovers Point 1,1,1,High,Mastocarpus,Balanus,
Lovers Point 1,1,2,High,Balanus,Balanus,
Lovers Point 1,1,2,High,Chthamalus,Striped Dogwinkle,
Lovers Point 1,1,2,High,Balanus,Scabra,
Lovers Point 1,1,2,High,Pink Volcano Barnacle,Balanus,
Lovers Point 1,1,2,High,Scabra,Balanus,
Lovers Point 1,1,3,High,Scouring Pad Algae,Balanus,
Lovers Point 1,1,3,High,Balanus,Scabra,
Lovers Point 1,1,3,High,Crustose Coralline Algae,California Spiny Chiton,
Lovers Point 1,1,4,High,Filamentous Coralline Algae,California Spiny Chiton,
Lovers Point 1,1,4,High,Digitalis,Balanus,
Lovers Point 1,1,4,High,Scouring Pad Algae,Balanus,
Lovers Point 1,1,4,High,Balanus,Balanus,
Lovers Point 1,1,5,High,Mastocarpus,Pink Volcano Barnacle,
Lovers Point 1,1,5,High,Balanus,Pink Volcano Barnacle,
Lovers Point 1,1,5,High,Scouring Pad Algae,Pink Volcano Barnacle,
Lovers Point 1,1,5,High,Balanus,California Mussel,
Lovers Point 1,1,5,High,Chthamalus,California Mussel,
Lovers Point 1,1,5,High,Scouring Pad Algae,Balanus,
Lovers Point 1,1,5,High,Balanus,Balanus,
Lovers Point 1,1,6,High,Scouring Pad Algae,California Mussel,
Lovers Point 1,1,6,High,Balanus,California Mussel,
Lovers Point 1,1,6,High,Digitalis,California Mussel,
Lovers Point 1,1,6,High,Black Limpet,California Mussel,
Lovers Point 1,1,6,High,Chthamalus,Emarginate Dogwinkle,
Lovers Point 1,1,7,High,Green Algae,Scabra,Species of algae not marked
Lovers Point 1,1,7,High,Mastocarpus,Pink Volcano Barnacle,
Lovers Point 1,2,1,Medium,Black Limpet,California Mussel,
Lovers Point 1,2,1,Medium,Balanus,File Limpet,
Lovers Point 1,2,2,Medium,Digitalis,File Limpet,
Lovers Point 1,2,2,Medium,Black Limpet,File Limpet,
Lovers Point 1,2,2,Medium,Balanus,Black Tegula,
Lovers Point 1,2,2,Medium,Black Limpet,Black Tegula,
Lovers Point 1,2,3,Medium,Balanus,File Limpet,
Lovers Point 1,2,3,Medium,Digitalis,File Limpet,
Lovers Point 1,2,3,Medium,Digitalis,Pink Volcano Barnacle,
Lovers Point 1,2,3,Medium,Balanus,Pink Volcano Barnacle,
Lovers Point 1,2,3,Medium,Scouring Pad Algae,Pink Volcano Barnacle,
Lovers Point 1,2,3,Medium,Mastocarpus,Pink Volcano Barnacle,
Lovers Point 1,2,3,Medium,Mastocarpus,Black Tegula,
Lovers Point 1,2,3,Medium,Digitalis,Black Tegula,
Lovers Point 1,2,3,Medium,Balanus,Black Tegula,
Lovers Point 1,2,3,Medium,Balanus,California Mussel,
Lovers Point 1,2,4,Medium,Digitalis,File Limpet,
Lovers Point 1,2,4,Medium,Digitalis,California Mussel,
Lovers Point 1,2,4,Medium,Balanus,California Mussel,
Lovers Point 1,2,4,Medium,Balanus,Pink Volcano Barnacle,
Lovers Point 1,2,5,Medium,Black Limpet,California Mussel,
Lovers Point 1,2,5,Medium,Balanus,California Mussel,
Lovers Point 1,2,5,Medium,Digitalis,Striped Dogwinkle,
Lovers Point 1,2,6,Medium,Digitalis,Pink Volcano Barnacle,
Lovers Point 1,2,6,Medium,Balanus,Pink Volcano Barnacle,
Lovers Point 1,2,6,Medium,Digitalis,Black Tegula,
Lovers Point 1,2,6,Medium,Digitalis,California Mussel,
Lovers Point 1,2,6,Medium,Black Limpet,Pink Volcano Barnacle,
Lovers Point 1,2,7,Medium,Black Limpet,California Mussel,
Lovers Point 1,2,7,Medium,Digitalis,California Mussel,
Lovers Point 1,2,7,Medium,Balanus,California Mussel,
Lovers Point 1,2,7,Medium,Chthamalus,California Mussel,
Lovers Point 1,3,1,Low,Crustose Coralline Algae,Brown Tegula,
Lovers Point 1,3,1,Low,Tar Spot,Brown Tegula,
Lovers Point 1,3,1,Low,Balanus,Brown Tegula,
Lovers Point 1,3,1,Low,Bryozoa,Littorina,
Lovers Point 1,3,1,Low,Crustose Coralline Algae,California Mussel,
Lovers Point 1,3,1,Low,Balanus,California Mussel,
Lovers Point 1,3,1,Low,Variegate Amphissa,California Mussel,Eggs
Lovers Point 1,3,1,Low,Crustose Coralline Algae,Balanus,
Lovers Point 1,3,1,Low,Tar Spot,Balanus,
Lovers Point 1,3,1,Low,Black Limpet,California Mussel,
Lovers Point 1,3,2,Low,Balanus,California Mussel,
Lovers Point 1,3,2,Low,Black Limpet,California Mussel,
Lovers Point 1,3,2,Low,Filamentous Coralline Algae,Balanus,
Lovers Point 1,3,2,Low,Beauty Bush Algae,Balanus,
Lovers Point 1,3,2,Low,Beauty Bush Algae,California Mussel,
Lovers Point 1,3,2,Low,Digitalis,File Limpet,
Lovers Point 1,3,2,Low,Crustose Coralline Algae,Black Tegula,
Lovers Point 1,3,2,Low,Bryozoa,Black Tegula,
Lovers Point 1,3,2,Low,Black Limpet,Black Tegula,
Lovers Point 1,3,2,Low,Scabra,California Mussel,
Lovers Point 1,3,2,Low,Digitalis,California Mussel,
Lovers Point 1,3,3,Low,Crustose Coralline Algae,Whitecap Limpet,
Lovers Point 1,3,3,Low,Crustose Coralline Algae,Black Tegula,
Lovers Point 1,3,3,Low,Balanus,California Mussel,
Lovers Point 1,3,3,Low,Black Limpet,California Mussel,
Lovers Point 1,3,3,Low,Red Algae,California Mussel,Species of algae not marked
Lovers Point 1,3,3,Low,Red Algae,File Limpet,Species of algae not marked
Lovers Point 1,3,3,Low,Crustose Coralline Algae,File Limpet,
Lovers Point 1,3,3,Low,Crustose Coralline Algae,California Mussel,
Lovers Point 1,3,3,Low,Crustose Coralline Algae,Digitalis,
Lovers Point 1,3,3,Low,Hooked Slippersnail,Black Tegula,
Lovers Point 1,3,3,Low,Black Limpet,Hooked Slippersnail,
Lovers Point 1,3,4,Low,Pink Volcano Barnacle,Black Tegula,
Lovers Point 1,3,4,Low,Crustose Coralline Algae,Black Tegula,
Lovers Point 1,3,4,Low,Chthamalus,Black Tegula,
Lovers Point 1,3,4,Low,Digitalis,Black Tegula,
Lovers Point 1,3,4,Low,Balanus,Black Tegula,
Lovers Point 1,3,4,Low,Black Limpet,Black Tegula,
Lovers Point 1,3,4,Low,Chthamalus,California Mussel,
Lovers Point 1,3,4,Low,Balanus,California Mussel,
Lovers Point 1,3,4,Low,Crustose Coralline Algae,Blue Mussel Complex,
Lovers Point 1,3,4,Low,Black Limpet,California Mussel,
Lovers Point 1,3,4,Low,Variegate Amphissa,California Mussel,Eggs
Lovers Point 1,3,4,Low,Black Limpet,Gooseneck Barnacle,
Lovers Point 1,3,5,Low,Beauty Bush Algae,Pink Volcano Barnacle,
Lovers Point 1,3,5,Low,Pink Volcano Barnacle,Pink Volcano Barnacle,
Lovers Point 1,3,5,Low,Balanus,Pink Volcano Barnacle,
Lovers Point 1,3,5,Low,Scabra,Pink Volcano Barnacle,
Lovers Point 1,3,5,Low,Balanus,California Mussel,
Lovers Point 1,3,5,Low,Black Limpet,California Mussel,
Lovers Point 1,3,5,Low,Digitalis,California Mussel,
Lovers Point 1,3,5,Low,Filamentous Coralline Algae,Pink Volcano Barnacle,
Lovers Point 1,3,5,Low,Black Limpet,Digitalis,
Lovers Point 1,3,5,Low,Black Limpet,Pink Volcano Barnacle,
Lovers Point 1,3,5,Low,Scabra,Black Tegula,
Lovers Point 1,3,5,Low,Balanus,Black Tegula,
Lovers Point 1,3,6,Low,Balanus,Pink Volcano Barnacle,
Lovers Point 1,3,6,Low,Balanus,California Mussel,
Lovers Point 1,3,6,Low,Chthamalus,California Mussel,
Lovers Point 1,3,6,Low,Pink Volcano Barnacle,Pink Volcano Barnacle,
Lovers Point 1,3,6,Low,Black Limpet,California Mussel,
Lovers Point 1,3,6,Low,Black Limpet,Pink Volcano Barnacle,
Lovers Point 1,3,6,Low,Filamentous Coralline Algae,Gooseneck Barnacle,
Lovers Point 1,3,6,Low,Scabra,California Mussel,
Lovers Point 1,3,6,Low,Digitalis,California Mussel,
Lovers Point 1,3,6,Low,Scabra,Black Tegula,
Lovers Point 1,3,6,Low,Black Limpet,Black Tegula,
Lovers Point 1,3,6,Low,Balanus,Black Tegula,
Lovers Point 1,3,6,Low,Crustose Coralline Algae,Pink Volcano Barnacle,
Lovers Point 1,3,6,Low,Crustose Coralline Algae,Gooseneck Barnacle,
Lovers Point 1,3,6,Low,Crustose Coralline Algae,File Limpet,
Lovers Point 1,3,6,Low,Pink Volcano Barnacle,California Mussel,
Lovers Point 1,3,7,Low,Digitalis,Circled Rocksnail,
Lovers Point 1,3,7,Low,Balanus,Circled Rocksnail,
Lovers Point 1,3,7,Low,Tar Spot,Emarginate Dogwinkle,
Lovers Point 1,3,7,Low,Balanus,Pink Volcano Barnacle,
Lovers Point 1,3,7,Low,Scabra,Pink Volcano Barnacle,
Lovers Point 1,3,7,Low,Tar Spot,Balanus,
Lovers Point 1,3,7,Low,Scabra,Balanus,
Lovers Point 1,3,7,Low,Pink Volcano Barnacle,Balanus,
Lovers Point 1,3,7,Low,Digitalis,Balanus,
Lovers Point 1,3,7,Low,Balanus,Balanus,
Lovers Point 1,3,7,Low,Chthamalus,California Mussel,
Lovers Point 1,3,7,Low,Balanus,California Mussel,
Lovers Point 1,3,7,Low,Black Limpet,California Mussel,
Lovers Point 1,3,7,Low,Digitalis,California Mussel,
Lovers Point 1,3,7,Low,Filamentous Coralline Algae,California Mussel,
Lovers Point 1,3,7,Low,Black Limpet,Black Tegula,
Cannery Row 2,1,1,High,Black Limpet,Black Tegula,
Cannery Row 2,1,1,High,Hooked Slippersnail,Black Tegula,
Cannery Row 2,1,3,High,Digitalis,Black Tegula,
Cannery Row 2,2,1,Medium,Hooked Slippersnail,Black Tegula,
Cannery Row 2,2,1,Medium,Tar Spot,Black Tegula,
Cannery Row 2,2,1,Medium,Digitalis,Black Tegula,
Cannery Row 2,2,1,Medium,Black Limpet,Black Tegula,
Cannery Row 2,2,1,Medium,Red Algae,Black Tegula,
Cannery Row 2,2,1,Medium,Hooked Slippersnail,Brown Tegula,
Cannery Row 2,2,2,Medium,Digitalis,Shield Limpet,
Cannery Row 2,2,2,Medium,Black Limpet,Black Tegula,
Cannery Row 2,2,2,Medium,Hooked Slippersnail,Black Tegula,
Cannery Row 2,2,2,Medium,Digitalis,Black Tegula,
Cannery Row 2,2,2,Medium,Red Algae,Black Tegula,
Cannery Row 2,2,2,Medium,Black Limpet,Black Tegula,
Cannery Row 2,2,2,Medium,Tar Spot,Digitalis,
Cannery Row 2,2,3,Medium,Serpulidae,California Mussel,
Cannery Row 2,2,3,Medium,Hooked Slippersnail,Black Tegula,
Cannery Row 2,2,3,Medium,Balanus,Black Tegula,
Cannery Row 2,2,3,Medium,Black Limpet,Black Tegula,
Cannery Row 2,2,3,Medium,Black Limpet,Black Tegula,
Cannery Row 2,2,4,Medium,Black Limpet,Black Tegula,
Cannery Row 2,2,4,Medium,Red Algae,Black Tegula,
Cannery Row 2,2,4,Medium,Balanus,Black Tegula,
Cannery Row 2,2,4,Medium,Digitalis,Black Tegula,
Cannery Row 2,2,5,Medium,Tar Spot,Brown Tegula,
Cannery Row 2,2,5,Medium,Hooked Slippersnail,Black Tegula,
Cannery Row 2,2,5,Medium,Black Limpet,Black Tegula,
Cannery Row 2,2,5,Medium,Balanus,Black Tegula,
Cannery Row 2,2,5,Medium,Red Algae,Black Tegula,
Cannery Row 2,2,5,Medium,Tar Spot,California Mussel,
Cannery Row 2,3,1,Low,Tar Spot,Brown Tegula,
Cannery Row 2,3,1,Low,Crustose Coralline Algae,Brown Tegula,
Cannery Row 2,3,1,Low,Digitalis,Black Tegula,
Cannery Row 2,3,1,Low,Serpulidae,Beatic Dwarf Olive,
Cannery Row 2,3,1,Low,Hooked Slippersnail,Black Tegula,
Cannery Row 2,3,1,Low,Black Limpet,Black Tegula,
Cannery Row 2,3,1,Low,Serpulidae,Black Tegula,
Cannery Row 2,3,1,Low,Black Limpet,Black Tegula,
Cannery Row 2,3,2,Low,Red Algae,Black Tegula,
Cannery Row 2,3,2,Low,Serpulidae,Black Tegula,
Cannery Row 2,3,2,Low,Tar Spot,Volcano Keyhole Limpet,
Cannery Row 2,3,2,Low,Crustose Coralline Algae,Volcano Keyhole Limpet,
Cannery Row 2,3,2,Low,Black Limpet,Black Tegula,
Cannery Row 2,3,3,Low,Red Algae,Black Tegula,
Cannery Row 2,3,3,Low,Hooked Slippersnail,Black Tegula,
Cannery Row 2,3,3,Low,Digitalis,Black Tegula,
Cannery Row 2,3,3,Low,Crustose Coralline Algae,California Mussel,
Cannery Row 2,3,4,Low,Red Algae,Black Tegula,
Cannery Row 2,3,4,Low,Hooked Slippersnail,Black Tegula,
Cannery Row 2,3,5,Low,Hooked Slippersnail,Carinate Dovesnail,
Cannery Row 2,3,5,Low,Serpulidae,Black Tegula,
Cannery Row 3,2,6,Medium,Serpulidae,Circled Rocksnail,
Cannery Row 3,2,6,Medium,Sabellariidae,Circled Rocksnail,
Cannery Row 3,2,6,Medium,Hooked Slippersnail,Black Tegula,
Cannery Row 3,2,6,Medium,Black Limpet,Black Tegula,
Cannery Row 3,2,6,Medium,Chthamalus,Black Tegula,
Cannery Row 3,2,6,Medium,Balanus,Black Tegula,
Cannery Row 3,2,6,Medium,Tar Spot,Black Tegula,
Cannery Row 3,2,6,Medium,Hooked Slippersnail,Brown Tegula,
Cannery Row 3,2,6,Medium,Tar Spot,Brown Tegula,
Cannery Row 3,2,6,Medium,Balanus,File Limpet,
Cannery Row 3,2,6,Medium,Hooked Slippersnail,Hooked Slippersnail,
Cannery Row 3,2,6,Medium,Tar Spot,Fenestrate Limpet,
Cannery Row 3,2,6,Medium,Red Algae,Shield Limpet,
Cannery Row 3,2,6,Medium,Plate Limpet,Plate Limpet,
Cannery Row 3,2,6,Medium,Red Algae,Black Tegula,
Cannery Row 3,2,7,Medium,Hooked Slippersnail,Hooked Slippersnail,
Cannery Row 3,2,7,Medium,Black Limpet,Black Tegula,
Cannery Row 3,2,7,Medium,Hooked Slippersnail,Black Tegula,
Cannery Row 3,2,7,Medium,Chthamalus,Black Tegula,
Cannery Row 3,2,7,Medium,Tar Spot,Black Tegula,
Cannery Row 3,2,7,Medium,Red Algae,Pink Volcano Barnacle,
Cannery Row 3,2,7,Medium,Tar Spot,Pink Volcano Barnacle,
Cannery Row 3,2,7,Medium,Balanus,Pink Volcano Barnacle,
Cannery Row 3,2,7,Medium,Chthamalus,Pink Volcano Barnacle,
Cannery Row 3,2,7,Medium,Pink Volcano Barnacle,Pink Volcano Barnacle,
Cannery Row 3,2,7,Medium,Plate Limpet,Black Tegula,
Cannery Row 3,2,8,Medium,Hooked Slippersnail,Black Tegula,
Cannery Row 3,2,8,Medium,Crepidula norrisiarum,Black Tegula,
Cannery Row 3,2,8,Medium,Black Limpet,Black Tegula,
Cannery Row 3,2,8,Medium,Pink Volcano Barnacle,Black Tegula,
Cannery Row 3,2,8,Medium,Tar Spot,Black Tegula,
Cannery Row 3,2,8,Medium,Hooked Slippersnail,Hooked Slippersnail,
Cannery Row 3,2,8,Medium,Chthamalus,Circled Rocksnail,
Cannery Row 3,2,8,Medium,Plate Limpet,Black Tegula,
Cannery Row 3,2,8,Medium,Chthamalus,Black Tegula,
Cannery Row 3,2,8,Medium,Balanus,Circled Rocksnail,
Cannery Row 3,3,1,Low,Black Limpet,Black Tegula,
Cannery Row 3,3,1,Low,Hooked Slippersnail,Black Tegula,
Cannery Row 3,3,1,Low,Hooked Slippersnail,Hooked Slippersnail,
Cannery Row 3,3,1,Low,Black Limpet,Hooked Slippersnail,
Cannery Row 3,3,1,Low,Tar Spot,Black Tegula,
Cannery Row 3,3,2,Low,Black Limpet,Black Tegula,
Cannery Row 3,3,2,Low,Hooked Slippersnail,Black Tegula,
Cannery Row 3,3,2,Low,Chthamalus,Black Tegula,
Cannery Row 3,3,2,Low,Plate Limpet,Black Tegula,
Cannery Row 3,3,3,Low,Hooked Slippersnail,Black Tegula,
Cannery Row 3,3,3,Low,Black Limpet,Black Tegula,
Cannery Row 3,3,4,Low,Black Limpet,Black Tegula,
Cannery Row 3,3,4,Low,Hooked Slippersnail,Black Tegula,
Cannery Row 3,3,4,Low,Hooked Slippersnail,Hooked Slippersnail,
Cannery Row 3,3,4,Low,Plate Limpet,Black Tegula,
Cannery Row 3,3,4,Low,Tar Spot,Brown Tegula,
Cannery Row 3,3,5,Low,Hooked Slippersnail,Blue-Ringed Top Snail,
Cannery Row 3,3,5,Low,Black Limpet,Black Tegula,
Cannery Row 3,3,5,Low,Plate Limpet,Black Tegula,
Cannery Row 3,3,5,Low,Red Algae,Black Tegula,
Cannery Row 3,3,5,Low,Chthamalus,Black Tegula,
Cannery Row 3,3,5,Low,Hooked Slippersnail,Black Tegula,
Cannery Row 3,3,5,Low,Bryozoa,Eulithidium,
Cannery Row 3,3,5,Low,Tar Spot,Brown Tegula,
Cannery Row 3,3,5,Low,Crepidula norrisiarum,Black Tegula,
Cannery Row 3,3,6,Low,Tar Spot,Black Tegula,
Cannery Row 3,3,6,Low,Hooked Slippersnail,Black Tegula,
Cannery Row 3,3,6,Low,Black Limpet,Black Tegula,
Cannery Row 3,3,6,Low,Hooked Slippersnail,Hooked Slippersnail,
Cannery Row 3,3,6,Low,Chthamalus,Black Tegula,
Cannery Row 3,3,7,Low,Chthamalus,Black Tegula,
Cannery Row 3,3,7,Low,Hooked Slippersnail,Black Tegula,
Cannery Row 3,3,7,Low,Black Limpet,Black Tegula,
Cannery Row 3,3,7,Low,Hooked Slippersnail,Hooked Slippersnail,
Cannery Row 3,3,8,Low,Plate Limpet,Black Tegula,
Cannery Row 3,3,8,Low,Black Limpet,Black Tegula,
Cannery Row 3,3,8,Low,Hooked Slippersnail,Black Tegula,
Cannery Row 3,3,8,Low,Tar Spot,Black Tegula,
Cannery Row 3,3,8,Low,Hooked Slippersnail,Hooked Slippersnail,
Cannery Row 3,3,8,Low,Chthamalus,Black Tegula,
Cannery Row 3,3,8,Low,Crepidula norrisiarum,Black Tegula,
Carmel Point 1,1,1,High,Black Limpet,Black Tegula,
Carmel Point 1,1,4,High,Green Algae,Scabra,
Carmel Point 1,1,4,High,Chthamalus,Chthamalus,
Carmel Point 1,1,4,High,Tar Spot,Chthamalus,
Carmel Point 1,1,5,High,Tar Spot,Chthamalus,
Carmel Point 1,1,5,High,Chthamalus,Chthamalus,
Carmel Point 1,1,1,Medium,Black Limpet,Black Tegula,
Carmel Point 1,1,1,Medium,Chthamalus,Black Tegula,
Carmel Point 1,1,1,Medium,File Limpet,Black Tegula,
Carmel Point 1,1,2,Medium,Black Limpet,Black Tegula,
Carmel Point 1,1,2,Medium,Scabra,Volcano Keyhole Limpet,
Carmel Point 1,1,2,Medium,Black Limpet,Pink Volcano Barnacle,
Carmel Point 1,1,2,Medium,Scabra,Pink Volcano Barnacle,
Carmel Point 1,1,2,Medium,Tar Spot,Pink Volcano Barnacle,
Carmel Point 1,1,2,Medium,Mastocarpus,Pink Volcano Barnacle,
Carmel Point 1,1,2,Medium,Scouring Pad Algae,Pink Volcano Barnacle,
Carmel Point 1,1,2,Medium,Balanus,Black Tegula,
Carmel Point 1,1,2,Medium,Pink Volcano Barnacle,Pink Volcano Barnacle,
Carmel Point 1,1,2,Medium,Crustose Coralline Algae,Volcano Keyhole Limpet,
Carmel Point 1,1,3,Medium,Scouring Pad Algae,Pink Volcano Barnacle,
Carmel Point 1,1,3,Medium,Hooked Slippersnail,Black Tegula,
Carmel Point 1,1,3,Medium,Hooked Slippersnail,Hooked Slippersnail,
Carmel Point 1,1,4,Medium,Hooked Slippersnail,Black Tegula,
Carmel Point 1,1,4,Medium,Chthamalus,Black Tegula,
Carmel Point 1,1,4,Medium,Digitalis,Black Tegula,
Carmel Point 1,1,4,Medium,Black Limpet,Black Tegula,
Carmel Point 1,1,5,Medium,Crepidula norrisiarum,Black Tegula,
Carmel Point 1,1,5,Medium,Hooked Slippersnail,Crepidula norrisiarum,
Carmel Point 1,1,1,Low,Microcionidae,Pink Volcano Barnacle,
Carmel Point 1,1,1,Low,Crustose Coralline Algae,Pink Volcano Barnacle,
Carmel Point 1,1,1,Low,Tar Spot,Brown Tegula,
Carmel Point 1,1,1,Low,Black Limpet,Black Tegula,
Carmel Point 1,1,1,Low,Crustose Coralline Algae,Black Tegula,
Carmel Point 1,1,1,Low,Crustose Coralline Algae,Balanus,
Carmel Point 1,1,2,Low,Crustose Coralline Algae,Volcano Keyhole Limpet,
Carmel Point 1,1,2,Low,Filamentous Coralline Algae,Volcano Keyhole Limpet,
Carmel Point 1,1,2,Low,Crustose Coralline Algae,File Limpet,
Carmel Point 1,1,2,Low,Crustose Coralline Algae,Balanus,
Carmel Point 1,1,2,Low,Chthamalus,Black Tegula,
Carmel Point 1,1,2,Low,Filamentous Coralline Algae,Plate Limpet,
Carmel Point 1,1,2,Low,Red Algae,Black Tegula,
Carmel Point 1,1,2,Low,Mastocarpus,Volcano Keyhole Limpet,
Carmel Point 1,1,2,Low,Crepidula norrisiarum,Black Tegula,
Carmel Point 1,1,2,Low,Hooked Slippersnail,Black Tegula,
Carmel Point 1,1,3,Low,Mastocarpus,California Mussel,
Carmel Point 1,1,3,Low,Red Algae,Brown Tegula,
Carmel Point 1,1,3,Low,Crustose Coralline Algae,California Mussel,
Carmel Point 1,1,3,Low,Crustose Coralline Algae,File Limpet,
Carmel Point 1,1,4,Low,Scabra,Green Falsejingle,
Carmel Point 1,1,4,Low,Balanus,Green Falsejingle,
Carmel Point 1,1,4,Low,Filamentous Coralline Algae,Green Falsejingle,
Carmel Point 1,1,4,Low,Crustose Coralline Algae,Green Falsejingle,
Carmel Point 1,1,4,Low,Balanus,Black Tegula,
Carmel Point 1,1,4,Low,Hooked Slippersnail,Black Tegula,
Carmel Point 1,1,4,Low,Hooked Slippersnail,Hooked Slippersnail,
Carmel Point 1,1,4,Low,Chthamalus,Black Tegula,