Common/Marked Name,Scientific Name,ID Name (Use this when inputting data),Genus,Family,Order,Class,Phylum,Kingdom,General Grouping,Unknown Photo Folder Name
Serpulid Tubeworm,,Serpulidae,,Serpulidae,Sabellida,Polychaeta,Annelida,Animalia,Animalia,
California Sandcastle Worm,Phragmatopoma californica,Sandcastle Worm,Phragmatopoma,Sabellariidae,,Polychaeta,Annelida,Animalia,Animalia,
Unknown Honeycomb Worm,,Sabellariidae,,Sabellariidae,,Polychaeta,Annelida,Animalia,Animalia,
Acorn Barnacle,Balanus spp.,Balanus,Balanus,Balanidae,Balanomorpha,Hexanauplia,Arthropoda,Animalia,Animalia,
Acorn Barnacle,Chthamalus spp.,Chthamalus,Chthamalus,Chthamalidae,Balanomorpha,Hexanauplia,Arthropoda,Animalia,Animalia,
Pink Volcano Barnacle,Tetraclita rubescens,Pink Volcano Barnacle,Tetraclita,Tetraclitidae,Balanomorpha,Hexanauplia,Arthropoda,Animalia,Animalia,
Gooseneck Barnacle,Pollicipes polymerus,Gooseneck Barnacle,Pollicipes,Pollicipedidae,Pollicipedomorpha,Hexanauplia,Arthropoda,Animalia,Animalia,
(All) Bryozoans,,Bryozoa,,,,,Bryozoa,Animalia,Animalia,
Aggregating Anemone,Anthopleura elegantissima,Aggregating Anemone,Anthopleura,Actiniidae,Actiniaria,Anthozoa,Cnidaria,Animalia,Animalia,
Sunburst Anemone,Anthopleura sola,Sunburst Anemone,Anthopleura,Actiniidae,Actiniaria,Anthozoa,Cnidaria,Animalia,Animalia,
Giant Green Anemone,Anthopleura xanthogrammica,Giant Green Anemone,Anthopleura,Actiniidae,Actiniaria,Anthozoa,Cnidaria,Animalia,Animalia,
Ostrich Plume Hydroid,Aglaophenia spp.,Ostrich Plume Hydroid,Aglaophenia,Aglaopheniidae,Leptothecata,Hydrozoa,Cnidaria,Animalia,Animalia,
Purple Sea Urchin,Strongylocentrotus purpuratus,Purple Sea Urchin,Strongylocentrotus,Strongylocentrotidae,Camarodonta,Echinoidea,Echinodermata,Animalia,Animalia,
California Mussel,Mytilus californianus,California Mussel,Mytilus,Mytilidae,Mytilida,Bivalvia,Mollusca,Animalia,Animalia,
Mediterranean Mussel,Mytilus galloprovincialis,Blue Mussel Complex,Mytilus,Mytilidae,Mytilida,Bivalvia,Mollusca,Animalia,Animalia,
Pacific Blue Mussel,Mytilus trossulus,Blue Mussel Complex,Mytilus,Mytilidae,Mytilida,Bivalvia,Mollusca,Animalia,Animalia,
Green Falsejingle,Pododesmus macrochisma,Green Falsejingle,Pododesmus,Anomiidae,Pectinida,Bivalvia,Mollusca,Animalia,Animalia,
Volcano Keyhole Limpet,Fissurella volcano,Volcano Keyhole Limpet,Fissurella,Fissurella,Lepetellida,Gastropoda,Mollusca,Animalia,Animalia,
Hooked Slippersnail,Crepidula adunca,Hooked Slippersnail,Crepidula,Calyptraeidae,Littorinimorpha,Gastropoda,Mollusca,Animalia,Animalia,
Crepidula norrisiarum,Crepidula norrisiarum,Crepidula norrisiarum,Crepidula,Calyptraeidae,Littorinimorpha,Gastropoda,Mollusca,Animalia,Animalia,
Translucent Slipper Snail,,Translucent Slipper Snail,,Calyptraeidae,Littorinimorpha,Gastropoda,Mollusca,Animalia,Animalia,Clear Slippersnails
Periwinkle,Littorina spp.,Littorina,Littorina,Littorinidae,Littorinimorpha,Gastropoda,Mollusca,Animalia,Animalia,
Scaled Wormsnail,Thylacodes squamigerus,Scaled Wormsnail,Thylacodes,Vermetidae,Littorinimorpha,Gastropoda,Mollusca,Animalia,Animalia,
Carinate Dovesnail,Alia carinata,Carinate Dovesnail,Alia,Columbellidae,Neogastropoda,Gastropoda,Mollusca,Animalia,Animalia,
Variegate Amphissa,Amphissa versicolor,Variegate Amphissa,Amphissa,Columbellidae,Neogastropoda,Gastropoda,Mollusca,Animalia,Animalia,
Emarginate Dogwinkle,Nucella emarginata,Emarginate Dogwinkle,Nucella,Muricidae,Neogastropoda,Gastropoda,Mollusca,Animalia,Animalia,
Striped Dogwinkle,Nucella ostrina,Striped Dogwinkle,Nucella,Muricidae,Neogastropoda,Gastropoda,Mollusca,Animalia,Animalia,
Nucella,Nucella spp.,Nucella,Nucella,Muricidae,Neogastropoda,Gastropoda,Mollusca,Animalia,Animalia,
Circled Rocksnail,Paciocinebrina circumtexta,Circled Rocksnail,Paciocinebrina,Muricidae,Neogastropoda,Gastropoda,Mollusca,Animalia,Animalia,
Beatic Dwarf Olive Snail,Callianax alectona,Beatic Dwarf Olive,Callianax,Olividae,Neogastropoda,Gastropoda,Mollusca,Animalia,Animalia,
Blue-Ringed Top Snail,Calliostoma ligatum,Blue-Ringed Top Snail,Calliostoma,Calliostomatidae,Trochida,Gastropoda,Mollusca,Animalia,Animalia,
Eulithidium,Eulithidium spp.,Eulithidium,Eulithidium,Phasianellidae,Trochida,Gastropoda,Mollusca,Animalia,Animalia,
Brown Tegula,Tegula brunnea,Brown Tegula,Tegula,Tegulidae,Trochida,Gastropoda,Mollusca,Animalia,Animalia,
Black Tegula,Tegula funebralis,Black Tegula,Tegula,Tegulidae,Trochida,Gastropoda,Mollusca,Animalia,Animalia,
Unknown Tegula,Tegula sp.,Tegula sp.,Tegula,Tegulidae,Trochida,Gastropoda,Mollusca,Animalia,Animalia,
Whitecap Limpet,Acmaea mitra,Whitecap Limpet,Acmaea,Acmaeidae,,Gastropoda,Mollusca,Animalia,Animalia,
Threaded Bittium,Neostylidium eschrichtii,Neostylidium,Neostylidium,Cerithiidae,,Gastropoda,Mollusca,Animalia,Animalia,
Black Acmea,Lottia asmi,Black Limpet,Lottia,Lottiidae,,Gastropoda,Mollusca,Animalia,Animalia,
Black Limpet,Lottia asmi,Black Limpet,Lottia,Lottiidae,,Gastropoda,Mollusca,Animalia,Animalia,
Unknown Black Limpet,Lottia asmi,Black Limpet,Lottia,Lottiidae,,Gastropoda,Mollusca,Animalia,Animalia,
Southern Finger Limpet,Lottia austrodigitalis,Digitalis,Lottia,Lottiidae,,Gastropoda,Mollusca,Animalia,Animalia,
Lottia conus,Lottia conus,Scabra,Lottia,Lottiidae,,Gastropoda,Mollusca,Animalia,Animalia,
Fingered Limpet,Lottia digitalis,Digitalis,Lottia,Lottiidae,,Gastropoda,Mollusca,Animalia,Animalia,
Chocolate Limpet,Lottia fenestrata,Fenestrate Limpet,Lottia,Lottiidae,,Gastropoda,Mollusca,Animalia,Animalia,
Fenestrate Limpet,Lottia fenestrata,Fenestrate Limpet,Lottia,Lottiidae,,Gastropoda,Mollusca,Animalia,Animalia,
Owl Limpet,Lottia gigantea,Owl Limpet,Lottia,Lottiidae,,Gastropoda,Mollusca,Animalia,Animalia,
Unstable Limpet,Lottia instabilis,Unstable Limpet,Lottia,Lottiidae,,Gastropoda,Mollusca,Animalia,Animalia,
File Limpet,Lottia limatula,File Limpet,Lottia,Lottiidae,,Gastropoda,Mollusca,Animalia,Animalia,
Boreal Limpet,Lottia paradigitalis,Digitalis,Lottia,Lottiidae,,Gastropoda,Mollusca,Animalia,Animalia,
Shield Limpet,Lottia pelta,Shield Limpet,Lottia,Lottiidae,,Gastropoda,Mollusca,Animalia,Animalia,
Rough Limpet,Lottia scabra,Scabra,Lottia,Lottiidae,,Gastropoda,Mollusca,Animalia,Animalia,
Plate Limpet,Lottia scutum,Plate Limpet,Lottia,Lottiidae,,Gastropoda,Mollusca,Animalia,Animalia,
Hairy Chiton,Mopalia ciliata,Mopalia ciliata,Mopalia,Mopaliidae,Chitonida,Polyplacophora,Mollusca,Animalia,Animalia,
Mossy Chiton,Mopalia muscosa,Mossy Chiton,Mopalia,Mopaliidae,Chitonida,Polyplacophora,Mollusca,Animalia,Animalia,
California Spiny Chiton,Nuttallina californica,California Spiny Chiton,Nuttallina,Tonicellidae,Chitonida,Polyplacophora,Mollusca,Animalia,Animalia,
Orange Sponge,,Microcionidae,,Microcionidae,Poecilosclerida,Demospongiae,Porifera,Animalia,Animalia,
Oyster Thief,Colpomenia tuberculata,Colpomenia,Colpomenia,Scytosiphonaceae,Ectocarpales,Phaeophyceae,Ochrophyta,Chromista,Brown Algae,
Rockweed,Fucus distichus,Fucus,Fucus,Fucaceae,Fucales,Phaeophyceae,Ochrophyta,Chromista,Brown Algae,
Golden Rockweed,Silvetia compressa,Slender Rockweed,Silvetia,Fucaceae,Fucales,Phaeophyceae,Ochrophyta,Chromista,Brown Algae,
Slender Rockweed,Silvetia compressa,Slender Rockweed,Silvetia,Fucaceae,Fucales,Phaeophyceae,Ochrophyta,Chromista,Brown Algae,
Laminaria,Laminaria spp.,Laminaria,Laminaria,Laminariaceae,Laminariales,Phaeophyceae,Ochrophyta,Chromista,Brown Algae,
Feather Boa Kelp,Egregia menziesii,Feather Boa Kelp,Egregia,Lessoniaceae,Laminariales,Phaeophyceae,Ochrophyta,Chromista,Brown Algae,
Green Pin-Cushion Algae,Cladophora columbiana,Cladophora,Cladophora,Cladophoraceae,Cladophorales,Ulvophyceae,Chlorophyta,Plantae,Green Algae/Seagrasses,
Sea Lettuce,Ulva spp.,Ulva,Ulva,Ulvaceae,Ulvales,Ulvophyceae,Chlorophyta,Plantae,Green Algae/Seagrasses,
Unknown Green Algae,,Green Algae,,,,,Chlorophyta,Plantae,Green Algae/Seagrasses,
Surfgrass,Phyllospadix spp.,Surfgrass,Phyllospadix,Zosteraceae,Alismatales,Liliopsida,Tracheophyta,Plantae,Green Algae/Seagrasses,
Nori,Pyropia spp.,Nori,Pyropia,Bangiaceae,Bangiales,Bangiophyceae,Rhodophyta,Plantae,Red Algae,
Beauty Bush Algae,Callithamnion pikeanum,Beauty Bush Algae,Callithamnion,Callithamniaceae,Ceramiales,Florideophyceae,Rhodophyta,Plantae,Red Algae,
Sea Laurel,Osmundea spectabilis,Osmundea,Osmundea,Rhodomelaceae,Ceramiales,Florideophyceae,Rhodophyta,Plantae,Red Algae,
Crustose Coralline Algae,,Crustose Coralline Algae,,,Corallinales,Florideophyceae,Rhodophyta,Plantae,Red Algae,
Filamentous Coralline Algae,,Filamentous Coralline Algae,,,Corallinales,Florideophyceae,Rhodophyta,Plantae,Red Algae,
Scouring Pad Algae,Endocladia muricata,Scouring Pad Algae,Endocladia,Endocladiaceae,Gigartinales,Florideophyceae,Rhodophyta,Plantae,Red Algae,
Lawn Algae,Chondracanthus canaliculatus,Chondracanthus,Chondracanthus,Gigartinaceae,Gigartinales,Florideophyceae,Rhodophyta,Plantae,Red Algae,
Iridescent Algae,Mazzaella spp.,Iridescent Algae,Mazzaella,Gigartinaceae,Gigartinales,Florideophyceae,Rhodophyta,Plantae,Red Algae,
Encrusting Red Algae,Mastocarpus spp.,Mastocarpus,Mastocarpus,Phyllophoraceae,Gigartinales,Florideophyceae,Rhodophyta,Plantae,Red Algae,
Succulent Seaweed,Sarcodiotheca gaudichaudii,Sarcodiotheca,Sarcodiotheca,Solieriaceae,Gigartinales,Florideophyceae,Rhodophyta,Plantae,Red Algae,
Prionitis lanceolata,Prionitis lanceolata,Prionitis,Prionitis,Halymeniaceae,Halymeniales,Florideophyceae,Rhodophyta,Plantae,Red Algae,
Sea Belly,Neogastroclonium subarticulatum,Sea Belly,Neogastroclonium,Champiaceae,Rhodymeniales,Florideophyceae,Rhodophyta,Plantae,Red Algae,
Unknown Red Algae,,Red Algae,,,,,Rhodophyta,Plantae,Red Algae,
Tar Spot,,Tar Spot,,,,,,,Red Algae,